flex1,flex2,flex3,flex4,flex5,x,y,z,face,SIGN
5,2,1,2,1888,48.25,23.12,32.44,0.002,Hẹn Hò
2,0,1,3,1889,48.13,23.25,32.13,0.002,Hẹn Hò
1,1,2,0,1888,48.38,24.06,31.75,0.003,Hẹn Hò
1,2,2,1,1888,50.13,26.0,31.94,0.004,Hẹn Hò
17,1,1,1,1888,47.31,27.37,24.06,0.004,Hẹn Hò
3,1,1,1,1889,42.5,25.25,11.81,0.002,Hẹn Hò
1,2,0,1,1889,39.13,25.06,-7.0,0.002,Hẹn Hò
1,1,1,1,1888,40.06,26.37,-17.0,0.003,Hẹn Hò
0,2,0,3,1889,39.06,27.69,-13.88,0.0,Hẹn Hò
1,2,1,-1,1889,34.44,27.31,-17.25,0.003,Hẹn Hò
3,1,1,0,1888,34.31,25.75,-25.25,0.001,Hẹn Hò
1,2,1,3,1888,36.56,25.81,-31.25,0.001,Hẹn Hò
1,2,1,0,1888,39.0,25.44,-34.94,0.0,Hẹn Hò
0,0,1,1,1904,42.19,24.25,-32.44,0.003,Hẹn Hò
0,1,0,0,1904,43.81,23.56,-31.0,0.003,Hẹn Hò
0,2,2,3,1888,49.81,19.19,-32.06,0.003,Hẹn Hò
1,1,2,0,1889,53.75,14.38,-38.19,0.004,Hẹn Hò
2,1,1,1,1888,58.63,8.88,-44.63,0.002,Hẹn Hò
0,1,47,76,1888,61.31,10.06,-42.63,0.002,Hẹn Hò
1,0,2,0,1888,49.56,16.37,-42.69,0.003,Hẹn Hò
1,1,2,15,1888,47.13,22.5,-29.19,0.002,Hẹn Hò
46,39,38,143,1889,49.31,24.75,-13.25,0.002,Hẹn Hò
2,2,0,0,1888,45.13,25.87,-13.94,0.002,Hẹn Hò
0,1,3,0,1888,40.0,29.94,-19.19,0.002,Hẹn Hò
1,2,2,1,1889,50.56,32.06,-19.69,0.002,Hẹn Hò
1,0,2,0,1888,57.19,30.37,-7.81,0.002,Hẹn Hò
0,2,0,153,1888,54.81,20.37,-1.62,0.001,Hẹn Hò
5,1,3,494,1889,50.88,19.62,5.37,0.001,Hẹn Hò
1,0,1,469,1889,49.81,20.0,13.25,0.001,Hẹn Hò
1,0,1,313,1889,46.0,20.44,13.06,0.002,Hẹn Hò
1,30,2,0,1888,43.69,20.06,14.5,0.002,Hẹn Hò
1,7,1,0,1889,40.44,20.12,14.81,0.003,Hẹn Hò
1,3,268,0,1888,38.69,19.75,14.06,0.001,Hẹn Hò
1,3,1,113,1904,37.44,17.94,12.81,0.001,Hẹn Hò
-1,1,2,74,1904,36.5,17.19,11.5,0.004,Hẹn Hò
0,7,1,169,1921,34.88,16.69,10.38,0.003,Hẹn Hò
1,22,1,235,1920,33.63,15.13,10.56,0.003,Hẹn Hò
0,8,0,150,1905,32.25,15.69,11.44,0.001,Hẹn Hò
2,3,1,159,1921,31.19,17.5,13.25,0.001,Hẹn Hò
1,2,0,65,1889,30.75,17.5,14.19,0.0,Hẹn Hò
2,2,2,73,1904,31.06,17.06,15.38,0.001,Hẹn Hò
1,1,2,1,1888,31.75,16.81,17.31,0.001,Hẹn Hò
0,2,0,2,1889,32.44,17.0,18.37,0.002,Hẹn Hò
0,2,1,1,1889,32.88,17.06,20.5,0.002,Hẹn Hò
2,0,0,30,1889,32.94,16.37,23.37,0.002,Hẹn Hò
1,1,0,135,1889,30.25,16.69,22.25,0.002,Hẹn Hò
1,2,1,145,1904,27.81,17.31,20.56,0.002,Hẹn Hò
1,1,2,291,1920,25.5,17.19,19.69,0.001,Hẹn Hò
0,72,3,134,1904,25.06,17.31,20.44,0.002,Hẹn Hò
7,2,1,3,1888,26.69,17.69,21.62,0.002,Hẹn Hò
215,1,1,3,1888,29.56,18.81,20.5,0.001,Hẹn Hò
0,1,2,3,1888,31.44,18.87,21.12,0.001,Hẹn Hò
1,1,1,0,1889,34.5,18.5,17.06,0.002,Hẹn Hò
1,1,2,1,1889,37.13,22.0,20.87,0.002,Hẹn Hò
2,0,0,2,1888,41.31,13.94,32.81,0.002,Hẹn Hò
1,0,1,0,1888,48.25,-2.87,28.75,0.001,Hẹn Hò
2,1,1,3,1889,54.94,-17.25,23.75,0.001,Hẹn Hò
1,1,3,240,1888,60.75,-37.44,17.94,0.002,Hẹn Hò
1,1,1,2,1889,55.75,-30.5,30.37,0.001,Hẹn Hò
-2,2,0,2,1888,53.69,-30.25,32.69,0.001,Hẹn Hò
1,1,2,321,1889,54.19,-30.12,32.5,0.002,Hẹn Hò
0,1,-1,1,1889,54.19,-30.19,32.63,0.002,Hẹn Hò
0,0,1,3,1888,54.06,-30.06,33.13,0.001,Hẹn Hò
2,2,1,1,1889,54.06,-30.0,33.13,0.001,Hẹn Hò
1,-1,0,25,1888,53.06,-29.94,33.31,0.001,Hẹn Hò
1,2,1,36,1889,51.69,-29.94,33.31,0.001,Hẹn Hò
1,2,0,32,1889,51.06,-29.94,33.44,0.002,Hẹn Hò
3,2,3,43,1889,49.75,-29.94,33.44,0.001,Hẹn Hò
1,2,1,40,1888,48.88,-29.94,33.56,0.001,Hẹn Hò
0,1,1,64,1889,48.19,-29.87,33.63,0.002,Hẹn Hò
1,0,0,96,1889,47.63,-29.87,33.69,0.001,Hẹn Hò
1,2,1,57,1888,47.5,-29.87,33.75,0.0,Hẹn Hò
0,0,2,53,1889,47.19,-29.81,33.81,0.0,Hẹn Hò
1,2,1,88,1889,47.13,-29.81,33.81,0.001,Hẹn Hò
1,2,2,46,1889,47.06,-29.87,33.88,0.001,Hẹn Hò
1,1,1,79,1889,47.0,-29.87,33.94,0.001,Hẹn Hò
3,1,2,66,1888,46.94,-29.87,33.88,0.001,Hẹn Hò
1,2,1,2,1889,46.31,-28.56,33.81,0.0,Hẹn Hò
87,334,1865,0,1889,45.81,-21.5,26.75,0.001,Hẹn Hò
2990,4580,5874,0,1905,49.19,-12.63,19.12,0.001,Hẹn Hò
2308,5158,5139,1,1904,61.75,0.13,27.87,0.002,Hẹn Hò
4386,5902,7974,1,1904,83.25,15.94,26.5,0.001,Hẹn Hò
4087,5403,8227,1,1936,109.5,27.06,25.31,0.001,Hẹn Hò
3858,4935,8254,3,2096,127.62,31.19,22.81,0.002,Hẹn Hò
3628,4352,7901,2,2112,134.37,35.63,22.19,0.001,Hẹn Hò
3802,4608,8061,1,2129,134.19,43.19,20.5,0.001,Hẹn Hò
2808,4669,8055,1,2129,130.87,50.81,16.37,0.002,Hẹn Hò
2488,4295,7653,0,2113,124.62,55.38,11.06,0.001,Hẹn Hò
2575,4415,7465,1,2064,116.44,59.31,11.0,0.002,Hẹn Hò
752,3689,4376,0,1905,112.94,69.31,20.31,0.002,Hẹn Hò
421,2683,537,2,1889,107.19,72.12,28.94,0.001,Hẹn Hò
46,2091,1,29,1905,104.25,72.0,32.44,0.001,Hẹn Hò
100,1837,0,93,1968,99.5,71.12,33.0,0.002,Hẹn Hò
247,2148,1,33,1968,97.06,71.94,37.31,0.003,Hẹn Hò
581,3168,1,104,1985,96.12,71.44,48.69,0.004,Hẹn Hò
607,4028,1,115,2001,93.62,69.06,63.69,0.001,Hẹn Hò
675,4609,2,174,2001,94.62,68.69,69.94,0.001,Hẹn Hò
862,4577,2,145,2000,95.56,69.44,70.06,0.002,Hẹn Hò
808,4833,1,126,2000,96.5,69.37,66.25,0.002,Hẹn Hò
565,4640,1,74,2000,97.25,69.44,63.44,0.001,Hẹn Hò
982,4379,0,48,2000,97.75,69.37,60.69,0.002,Hẹn Hò
878,4365,0,51,1984,96.56,69.31,59.19,0.001,Hẹn Hò
926,4400,-1,0,2000,94.62,68.06,56.44,0.003,Hẹn Hò
153,2967,1,2,1969,89.19,59.13,49.88,0.002,Hẹn Hò
1,656,3,0,1904,75.56,41.81,40.31,0.002,Hẹn Hò
2,2,1,3,1889,59.38,10.38,22.0,0.002,Hẹn Hò
2,0,1,3,1888,45.25,-17.94,7.44,0.002,Hẹn Hò
2,2,1,3,1889,38.81,-29.94,4.87,0.001,Hẹn Hò
1,2,0,5,1889,39.44,-44.31,-18.12,0.003,Hẹn Hò
2,-1,-1,66,1889,38.56,-43.44,-1.5,0.001,Hẹn Hò
2,3,1,4,1889,39.13,-44.44,-4.62,0.001,Hẹn Hò
0,1,1,1,1888,39.31,-43.31,-2.44,0.001,Hẹn Hò
1,1,0,-1,1888,39.44,-42.88,-2.69,0.0,Hẹn Hò
0,2,1,1,1888,39.38,-42.63,-2.25,0.001,Hẹn Hò
2,1,1,4,1889,39.19,-42.44,-2.06,0.001,Hẹn Hò
0,1,1,-1,1888,38.88,-42.38,-1.94,0.002,Hẹn Hò
1,1,1,4,1889,38.63,-42.25,-1.75,0.001,Hẹn Hò
1,3,-1,0,1889,38.56,-42.19,-1.62,0.002,Hẹn Hò
3,1,2,0,1888,38.44,-42.13,-1.56,0.002,Hẹn Hò
1,2,2,2,1889,38.38,-42.06,-1.37,0.002,Hẹn Hò
3,1,1,2,1888,38.38,-42.06,-1.31,0.002,Hẹn Hò
0,1,2,0,1889,38.13,-42.06,-1.31,0.002,Hẹn Hò
2,1,2,1,1888,38.13,-42.06,-1.25,0.003,Hẹn Hò
1,1,1,5,1888,38.06,-42.06,-1.19,0.001,Hẹn Hò
1,1,1,0,1888,38.0,-42.06,-1.19,0.001,Hẹn Hò
0,0,0,2,1889,37.94,-42.06,-1.19,0.002,Hẹn Hò
1,2,1,1,1889,37.88,-42.06,-1.19,0.001,Hẹn Hò
1,1,-1,1,1888,37.75,-42.06,-1.12,0.002,Hẹn Hò
1,1,2,2,1889,37.69,-42.06,-1.12,0.002,Hẹn Hò
-1,1,1,3,1888,37.69,-42.06,-1.12,0.002,Hẹn Hò
1,1,2,0,1888,37.69,-42.06,-1.12,0.003,Hẹn Hò
2,1,2,1,1889,37.69,-42.0,-1.12,0.003,Hẹn Hò
1,2,2,2,1888,37.69,-41.94,-1.06,0.001,Hẹn Hò
1,1,0,2,1888,37.75,-41.94,-1.06,0.001,Hẹn Hò
1,2,1,3,1889,37.69,-41.94,-1.06,0.002,Hẹn Hò
1,2,0,3,1888,37.69,-41.94,-1.0,0.002,Hẹn Hò
2,1,-1,1,1888,37.69,-41.94,-0.94,0.001,Hẹn Hò
-1,1,1,1,1889,37.69,-41.94,-0.94,0.001,Hẹn Hò
1,0,1,-1,1889,37.63,-41.94,-0.88,0.002,Hẹn Hò
1,1,1,1,1888,37.63,-41.94,-0.69,0.001,Hẹn Hò
2,1,1,1,1888,38.25,-41.5,12.38,0.001,Hẹn Hò
1,1,1,2,1889,48.38,-22.25,39.44,0.001,Hẹn Hò
1,3,1,1,1889,63.38,5.87,42.31,0.002,Hẹn Hò
391,34,280,3,1888,82.12,25.94,40.19,0.002,Hẹn Hò
912,663,682,0,1889,88.75,31.37,28.62,0.001,Hẹn Hò
22,8,1,2,1888,88.62,29.0,16.25,0.002,Hẹn Hò
20,1,2,1,1889,91.12,23.5,16.44,0.001,Hẹn Hò
2,0,1,-1,1889,93.0,12.75,13.75,0.002,Hẹn Hò
25,1,1,1,1888,90.62,-2.12,9.5,0.002,Hẹn Hò
0,1,0,3,1888,84.62,-14.5,14.06,0.002,Hẹn Hò
1,3,1,1,1888,74.87,-21.19,18.69,0.001,Hẹn Hò
0,0,0,2,1889,63.63,-18.87,24.62,0.002,Hẹn Hò
2,2,0,1,1889,57.44,-17.44,28.87,0.002,Hẹn Hò
0,1,1,1,1889,54.31,-16.25,29.94,0.003,Hẹn Hò
2,2,1,1,1889,51.69,-13.94,30.12,0.003,Hẹn Hò
1,2,1,1,1889,51.5,-13.44,30.37,0.002,Hẹn Hò
2,1,1,2,1889,51.56,-13.56,30.19,0.002,Hẹn Hò
1,2,1,2,1889,51.88,-13.44,30.0,0.002,Hẹn Hò
0,1,2,0,1888,52.5,-13.63,30.0,0.003,Hẹn Hò
2,2,1,1,1889,53.19,-13.63,30.0,0.003,Hẹn Hò
0,1,2,2,1888,53.63,-13.63,30.19,0.001,Hẹn Hò
2,0,2,0,1889,53.88,-13.63,30.19,0.002,Hẹn Hò
0,0,3,1,1888,54.25,-13.63,30.19,0.002,Hẹn Hò
2,2,2,1,1889,54.44,-13.63,30.19,0.001,Hẹn Hò
1,1,1,1,1888,54.5,-13.56,30.19,0.002,Hẹn Hò
0,0,0,1,1888,54.56,-13.63,30.25,0.002,Hẹn Hò
0,1,1,2,1888,54.88,-13.63,30.31,0.002,Hẹn Hò
2,1,1,1,1889,54.81,-13.56,30.25,0.002,Hẹn Hò
2,0,2,2,1889,54.94,-13.56,30.25,0.002,Hẹn Hò
2,2,1,0,1889,55.0,-13.56,30.25,0.003,Hẹn Hò
0,2,1,1,1888,54.88,-14.06,30.5,0.003,Hẹn Hò
2,1,1,0,1888,54.56,-16.37,30.56,0.002,Hẹn Hò
1,1,2,1,1888,54.56,-16.81,30.19,0.002,Hẹn Hò
1,2,0,-1,1889,54.69,-15.19,30.37,0.002,Hẹn Hò
-1,1,1,1,1888,54.75,-14.13,30.5,0.002,Hẹn Hò
1,2,1,2,1889,54.56,-14.06,30.75,0.0,Hẹn Hò
1,1,0,9,1889,55.25,-14.44,31.56,0.002,Hẹn Hò
67,3,747,3,1888,61.0,-5.94,27.87,0.002,Hẹn Hò
926,3033,7251,240,1920,73.25,2.81,27.25,0.001,Hẹn Hò
983,4422,7487,340,1937,84.5,9.63,34.06,0.001,Hẹn Hò
2384,5770,7279,17,2033,96.12,16.75,41.69,0.001,Hẹn Hò
3762,5411,7998,71,2065,117.25,21.06,38.63,0.002,Hẹn Hò
2519,5520,7501,331,2113,131.81,23.37,35.94,0.001,Hẹn Hò
2514,5540,7408,205,2129,140.25,29.0,36.31,0.002,Hẹn Hò
2347,4931,6773,28,2145,145.87,36.5,33.56,0.001,Hẹn Hò
2713,4753,6821,1,2144,147.62,43.44,28.44,0.002,Hẹn Hò
2443,4061,6648,1,2144,144.81,49.81,22.31,0.0,Hẹn Hò
2532,4334,6887,1,2144,142.0,55.25,15.06,0.002,Hẹn Hò
2192,4590,6610,3,2129,139.37,58.69,8.75,0.001,Hẹn Hò
2036,4784,6452,2,2129,138.31,59.88,6.06,0.002,Hẹn Hò
1934,4369,6196,2,2129,138.37,60.25,6.56,0.002,Hẹn Hò
1891,4134,5615,3,2065,138.06,61.19,7.06,0.001,Hẹn Hò
776,4231,4391,9,1952,137.94,70.81,7.5,0.001,Hẹn Hò
660,4577,492,1,1937,134.62,76.62,2.69,0.001,Hẹn Hò
396,5101,92,369,1952,124.56,78.56,6.19,0.001,Hẹn Hò
136,3859,38,420,1936,110.69,77.0,21.31,0.001,Hẹn Hò
3,4707,0,312,1936,104.25,74.87,33.31,0.001,Hẹn Hò
2,4895,1,345,1937,98.81,72.94,49.0,0.001,Hẹn Hò
0,5109,1,194,1937,96.06,69.87,62.63,0.001,Hẹn Hò
0,4392,-1,188,1936,94.94,68.12,70.56,0.001,Hẹn Hò
1,4349,1,112,1937,95.94,67.87,73.75,0.002,Hẹn Hò
0,4286,1,97,1936,96.12,67.94,72.0,0.002,Hẹn Hò
2,4346,2,285,1952,96.87,68.5,70.37,0.002,Hẹn Hò
1,4202,2,195,1937,98.87,69.44,70.0,0.001,Hẹn Hò
0,4217,1,262,1968,99.94,70.06,68.31,0.001,Hẹn Hò
0,4363,0,175,1952,101.06,70.62,65.62,0.001,Hẹn Hò
1,4423,2,263,1969,101.62,71.06,64.12,0.001,Hẹn Hò
0,3721,0,40,1921,101.87,70.12,63.19,0.0,Hẹn Hò
1,2093,1,3,1888,98.56,65.44,63.19,0.001,Hẹn Hò
0,2,0,0,1889,90.0,55.56,66.69,0.002,Hẹn Hò
1,1,0,4,1889,74.87,36.88,56.31,0.001,Hẹn Hò
0,1,2,0,1888,57.31,9.31,34.75,0.001,Hẹn Hò
1,1,0,1,1889,47.31,-10.63,27.06,0.003,Hẹn Hò
1,2,0,0,1888,41.63,-24.0,23.25,0.002,Hẹn Hò
1,2,1,0,1889,40.38,-36.0,14.13,0.003,Hẹn Hò
-1,1,1,2,1889,40.75,-41.25,9.06,0.002,Hẹn Hò
0,1,1,1,1889,40.88,-39.13,14.19,0.002,Hẹn Hò
1,0,1,1,1888,40.75,-37.94,16.37,0.001,Hẹn Hò
0,0,0,2,1889,40.63,-37.88,15.88,0.001,Hẹn Hò
0,0,0,1,1888,40.63,-37.81,16.12,0.002,Hẹn Hò
0,-1,1,1,1888,40.69,-37.81,16.25,0.002,Hẹn Hò
1,1,2,3,1889,40.63,-37.88,16.31,0.002,Hẹn Hò
1,1,0,2,1889,40.5,-37.88,16.37,0.001,Hẹn Hò
1,0,0,1,1888,40.5,-37.94,16.44,0.0,Hẹn Hò
1,1,1,-1,1889,40.44,-37.94,16.44,0.002,Hẹn Hò
1,2,-1,2,1888,40.44,-38.0,16.5,0.002,Hẹn Hò
1,2,2,1,1888,40.38,-38.0,16.56,0.003,Hẹn Hò
0,0,0,1,1888,40.38,-38.0,16.5,0.003,Hẹn Hò
2,0,0,3,1888,40.31,-38.06,16.56,0.001,Hẹn Hò
1,0,2,1,1889,40.31,-38.06,16.5,0.003,Hẹn Hò
1,1,1,1,1888,40.31,-38.06,16.5,0.002,Hẹn Hò
2,0,1,1,1888,40.25,-38.06,16.5,0.002,Hẹn Hò
0,2,-1,2,1889,40.25,-38.13,16.44,0.003,Hẹn Hò
1,0,1,0,1888,40.25,-38.13,16.44,0.003,Hẹn Hò
1,2,1,3,1888,40.25,-38.13,16.44,0.001,Hẹn Hò
2,0,1,0,1889,40.25,-38.13,16.37,0.002,Hẹn Hò
2,2,0,2,1889,40.25,-38.13,16.31,0.002,Hẹn Hò
1,1,2,0,1889,40.25,-38.13,16.37,0.002,Hẹn Hò
0,1,1,1,1889,40.25,-38.13,16.37,0.002,Hẹn Hò
0,1,2,1,1888,40.25,-38.13,16.31,0.001,Hẹn Hò
1,0,-1,1,1888,40.25,-38.13,16.25,0.002,Hẹn Hò
1,0,3,1,1888,40.25,-38.13,16.31,0.002,Hẹn Hò
1,2,0,3,1889,40.25,-38.13,16.31,0.003,Hẹn Hò
1,1,2,2,1889,40.25,-38.13,16.31,0.002,Hẹn Hò
2,1,0,-1,1889,40.25,-38.13,16.31,0.002,Hẹn Hò
0,4,1,1,1888,40.25,-38.13,16.31,0.002,Hẹn Hò
0,1,1,2,1888,40.25,-38.13,16.31,0.002,Hẹn Hò
1,0,1,2,1888,40.25,-38.13,16.31,0.001,Hẹn Hò
0,2,0,1,1888,40.25,-38.13,16.31,0.001,Hẹn Hò
0,2,0,2,1888,40.25,-38.13,16.31,0.003,Hẹn Hò
0,2,1,0,1889,40.25,-38.13,16.37,0.001,Hẹn Hò
0,0,1,2,1888,40.25,-38.13,16.37,0.001,Hẹn Hò
0,1,0,0,1889,40.25,-38.13,16.37,0.001,Hẹn Hò
1,2,2,0,1888,40.25,-38.13,16.37,0.001,Hẹn Hò
0,0,1,1,1889,40.25,-38.13,16.44,0.002,Hẹn Hò
0,1,1,2,1888,40.19,-38.06,16.87,0.002,Hẹn Hò
1,2,1,2264,1888,42.56,-28.0,35.75,0.003,Hẹn Hò
17,12,0,1,1889,47.63,-7.19,51.0,0.001,Hẹn Hò
948,325,97,2,1889,56.25,5.12,54.56,0.001,Hẹn Hò
1306,750,3487,34,1888,69.0,16.56,51.44,0.002,Hẹn Hò
1021,2003,3837,2,1888,79.56,22.44,43.31,0.001,Hẹn Hò
1028,2731,5142,0,1888,86.06,23.44,35.94,0.001,Hẹn Hò
1295,3335,7081,1,1889,88.44,22.06,29.56,0.001,Hẹn Hò
538,2354,2917,1,1888,87.12,13.81,21.75,0.002,Hẹn Hò
1,18,20,2,1888,85.19,1.62,16.94,0.002,Hẹn Hò
0,2,1,2,1889,81.06,-9.88,15.5,0.002,Hẹn Hò
1,0,2,2,1888,72.12,-19.37,18.62,0.001,Hẹn Hò
1,1,1,3,1888,64.25,-26.12,25.94,0.001,Hẹn Hò
2,0,1,2,1889,59.19,-24.69,30.5,0.002,Hẹn Hò
1,2,1,2,1888,58.25,-25.31,31.0,0.001,Hẹn Hò
0,1,1,2,1888,58.0,-24.81,30.5,0.001,Hẹn Hò
1,2,2,1,1889,58.19,-24.62,30.94,0.001,Hẹn Hò
1,1,1,2,1888,58.69,-24.56,32.44,0.001,Hẹn Hò
2,1,2,2,1888,58.13,-24.44,39.06,0.0,Hẹn Hò
6,2,64,0,1889,66.0,-13.88,39.5,0.001,Hẹn Hò
453,359,1479,0,1889,82.62,0.62,38.13,0.003,Hẹn Hò
805,960,3954,1,1889,95.62,14.19,42.94,0.001,Hẹn Hò
1515,4090,6818,2,1905,102.25,23.81,48.25,0.001,Hẹn Hò
2666,5579,7047,3,1921,105.0,29.06,54.5,0.001,Hẹn Hò
3320,5813,8790,1,2113,108.06,31.62,64.06,0.001,Hẹn Hò
3348,5926,8852,2,2112,114.94,31.75,57.88,0.001,Hẹn Hò
3252,5771,8662,1,2064,123.12,32.5,50.44,0.001,Hẹn Hò
2741,5618,8041,1,2032,128.0,35.88,44.94,0.001,Hẹn Hò
3004,5326,8028,1,2048,129.94,42.69,43.31,0.001,Hẹn Hò
2393,5200,7784,1,2065,129.0,51.25,43.0,0.0,Hẹn Hò
2407,5082,7338,1,2048,129.06,60.69,42.19,0.001,Hẹn Hò
2357,4825,7644,1,2064,122.75,64.81,39.69,0.003,Hẹn Hò
2493,4981,7136,0,2080,125.12,70.19,35.69,0.003,Hẹn Hò
2402,4871,7141,1,2064,128.44,74.94,31.06,0.003,Hẹn Hò
2695,4644,6188,0,2049,130.69,79.0,29.25,0.002,Hẹn Hò
1364,4255,5217,0,1968,131.25,83.94,3.25,0.003,Hẹn Hò
617,3719,2943,2,1921,129.12,87.94,1.87,0.003,Hẹn Hò
2,3219,805,3,1888,122.0,87.25,2.37,0.004,Hẹn Hò
61,4212,2,22,1904,113.19,85.5,3.87,0.003,Hẹn Hò
174,4325,0,11,1905,104.44,82.75,74.06,0.002,Hẹn Hò
12,3891,1,142,1905,96.44,79.19,83.56,0.001,Hẹn Hò
72,3513,1,240,1904,90.0,74.81,89.25,0.002,Hẹn Hò
142,3736,0,226,1905,84.31,70.12,88.5,0.001,Hẹn Hò
116,3846,1,271,1904,75.81,64.19,84.19,0.001,Hẹn Hò
66,3945,1,415,1921,70.56,58.75,85.44,0.001,Hẹn Hò
92,3859,1,370,1952,70.5,58.0,86.31,0.001,Hẹn Hò
9,3581,0,383,1984,73.5,61.13,83.69,0.001,Hẹn Hò
9,3531,0,361,1920,77.0,64.69,80.31,0.0,Hẹn Hò
9,3789,0,452,1920,79.37,66.69,76.56,0.001,Hẹn Hò
14,3917,2,258,1904,77.44,67.12,69.12,0.001,Hẹn Hò
3,3839,3,213,1904,75.0,66.31,62.5,0.002,Hẹn Hò
3,2280,0,1,1889,71.87,63.75,53.75,0.001,Hẹn Hò
0,2,1,1,1905,69.69,57.88,46.25,0.001,Hẹn Hò
22,1,1,0,1921,65.0,47.19,40.44,0.001,Hẹn Hò
0,1,0,0,1889,57.25,29.44,32.06,0.001,Hẹn Hò
1,1,2,1,1888,52.44,9.81,28.25,0.003,Hẹn Hò
0,0,1,1,1889,55.31,1.12,19.75,0.002,Hẹn Hò
0,1,0,2,1889,53.31,-6.81,26.06,0.002,Hẹn Hò
0,1,1,1,1905,42.5,-23.87,37.63,0.0,Hẹn Hò
0,1,2,1,1888,32.75,-35.0,19.12,0.001,Hẹn Hò
2,0,0,11,1888,33.13,-36.06,17.75,0.002,Hẹn Hò
1,1,1,5,1889,33.06,-36.19,20.44,0.003,Hẹn Hò
1,3,-1,1,1889,32.69,-35.31,21.37,0.001,Hẹn Hò
0,3,2,1,1888,32.5,-34.88,21.87,0.001,Hẹn Hò
2,0,0,0,1889,32.38,-34.75,22.31,0.002,Hẹn Hò
2,1,1,3,1888,32.38,-34.69,22.5,0.003,Hẹn Hò
0,1,0,2,1888,32.38,-34.56,22.37,0.003,Hẹn Hò
-1,1,0,2,1889,32.44,-34.56,21.56,0.003,Hẹn Hò
2,2,1,1,1905,32.44,-34.56,20.87,0.002,Hẹn Hò
2,0,1,0,1937,32.31,-34.5,20.81,0.001,Hẹn Hò
2,0,-1,2,1953,31.31,-33.31,24.19,0.003,Hẹn Hò
2,1,-1,1,1936,32.44,-32.75,24.06,0.001,Hẹn Hò
2,1,0,1,1937,34.19,-32.25,26.31,0.001,Hẹn Hò
0,1,2,-2,1937,35.56,-31.56,27.37,0.001,Hẹn Hò
0,0,1,4,1937,35.44,-31.44,28.5,0.001,Hẹn Hò
2,0,1,2,1905,35.13,-31.0,30.12,0.001,Hẹn Hò
1,1,1,1,1905,34.81,-30.0,32.88,0.001,Hẹn Hò
-2,1,1,3,1905,35.06,-29.56,33.88,0.002,Hẹn Hò
2,0,2,1,1968,35.56,-29.75,32.75,0.001,Hẹn Hò
1,-1,0,1,1889,35.06,-29.81,33.38,0.0,Hẹn Hò
1,1,0,2,1969,35.63,-29.94,33.0,0.002,Hẹn Hò
1,1,1,2,2033,35.38,-29.94,33.38,0.002,Hẹn Hò
1,3,1,9,1936,35.25,-29.87,33.38,0.002,Hẹn Hò
1,1,0,0,1889,34.94,-29.87,33.75,0.003,Hẹn Hò
0,1,1,1,1888,35.5,-30.44,32.38,0.002,Hẹn Hò
1,1,1,0,1889,34.31,-30.44,40.13,0.004,Hẹn Hò
0,0,1,2,1889,34.38,-30.75,46.63,0.004,Hẹn Hò
1,2,2,1,1920,41.31,-29.12,48.13,0.004,Hẹn Hò
0,3,0,2,1904,45.69,-27.62,37.5,0.003,Hẹn Hò
3,0,0,0,1889,48.19,-23.06,33.13,0.003,Hẹn Hò
1,0,1,0,1888,61.44,-12.81,33.25,0.001,Hẹn Hò
0,2,1,2,1888,77.25,-3.62,32.13,0.0,Hẹn Hò
2,1,1,12,1888,87.12,2.5,30.44,0.001,Hẹn Hò
0,2,1,11,1889,93.5,5.31,30.5,0.002,Hẹn Hò
0,1,1,126,1888,97.19,5.37,28.69,0.001,Hẹn Hò
1,1,2,163,1889,99.5,2.25,28.06,0.001,Hẹn Hò
0,2,2,157,1889,99.81,-1.75,27.0,0.002,Hẹn Hò
0,3,1,83,1889,98.94,-4.25,27.12,0.002,Hẹn Hò
1,1,0,166,1889,97.81,-5.81,26.19,0.001,Hẹn Hò
3,0,1,174,1888,97.06,-6.75,25.81,0.001,Hẹn Hò
1,2,1,77,1889,96.0,-6.81,25.19,0.0,Hẹn Hò
1,1,1,5,1888,94.87,-7.25,22.0,0.001,Hẹn Hò
0,1,0,1,1889,89.25,-12.31,20.94,0.0,Hẹn Hò
1,1,-1,2,1888,79.12,-22.56,21.37,0.001,Hẹn Hò
1,1,1,1,1888,62.56,-36.5,16.5,0.002,Hẹn Hò
1,1,2,0,1888,43.94,-41.63,19.0,0.001,Hẹn Hò
0,1,1,1,1888,29.81,-46.06,17.37,0.003,Hẹn Hò
2,0,3,194,1889,28.56,-49.69,3.69,0.002,Hẹn Hò
0,3,0,2,1904,31.19,-45.06,-1.12,0.002,Hẹn Hò
1,0,2,1,1888,29.94,-43.06,1.06,0.001,Hẹn Hò
1,1,1,1,1888,30.37,-43.13,5.0,0.002,Hẹn Hò
1,1,1,2,1888,31.06,-42.81,5.75,0.002,Hẹn Hò
1,0,1,1,1888,32.0,-42.56,6.62,0.001,Hẹn Hò
1,1,1,52,1889,33.19,-41.5,10.19,0.001,Hẹn Hò
0,1,1,72,1888,33.5,-40.44,11.0,0.001,Hẹn Hò
2,1,2,41,1889,33.44,-40.38,11.0,0.001,Hẹn Hò
0,1,1,101,1888,33.56,-40.38,11.31,0.001,Hẹn Hò
2,1,2,38,1888,33.63,-40.38,11.13,0.001,Hẹn Hò
0,2,0,19,1888,33.63,-40.38,11.0,0.002,Hẹn Hò
0,1,1,21,1889,33.63,-40.44,11.0,0.001,Hẹn Hò
1,2,1,20,1889,33.56,-40.44,11.19,0.001,Hẹn Hò
2,2,0,1,1888,32.69,-41.88,23.75,0.002,Hẹn Hò
-1,2,1,1,1889,40.06,-32.81,42.75,0.001,Hẹn Hò
7,1,1,0,1889,52.25,-24.31,32.19,0.003,Hẹn Hò
29,1,153,53,1888,77.62,-19.0,31.69,0.0,Hẹn Hò
6,562,2551,1021,1889,103.56,-3.87,37.5,0.001,Hẹn Hò
1806,3448,6783,1027,1888,115.25,9.94,39.13,0.001,Hẹn Hò
3350,4759,9055,634,1889,123.37,19.62,35.94,0.001,Hẹn Hò
3809,5937,9469,175,1904,130.56,25.25,33.31,0.002,Hẹn Hò
4506,6646,8801,111,1905,136.94,27.0,31.25,0.001,Hẹn Hò
3763,5860,8030,1,1920,141.5,29.06,30.19,0.003,Hẹn Hò
3379,6094,6797,1,1920,143.87,36.75,28.19,0.002,Hẹn Hò
3302,6191,6593,0,1904,145.19,44.94,21.37,0.003,Hẹn Hò
2895,5496,6283,2,1888,144.25,52.13,11.44,0.002,Hẹn Hò
2310,4467,5646,1,1889,141.31,57.63,4.62,0.003,Hẹn Hò
1561,4179,6320,2,1888,138.94,67.44,1.12,0.002,Hẹn Hò
1375,3946,1901,1,1889,136.5,74.31,-2.62,0.002,Hẹn Hò
1442,3456,440,0,1888,131.75,77.44,2.25,0.002,Hẹn Hò
900,3577,2,0,1889,127.94,77.44,9.56,0.002,Hẹn Hò
934,3215,0,1,1905,124.69,77.81,14.25,0.001,Hẹn Hò
1039,3566,2,81,1920,120.75,77.87,24.06,0.001,Hẹn Hò
1330,3662,2,213,1920,110.0,76.31,38.0,0.001,Hẹn Hò
1310,3923,1,111,1936,97.94,72.5,42.44,0.001,Hẹn Hò
1304,3855,1,3,1936,93.19,70.37,48.88,0.001,Hẹn Hò
1230,3609,1,2,1936,93.0,70.06,51.06,0.001,Hẹn Hò
1265,3785,3,1,1921,95.56,71.31,49.25,0.004,Hẹn Hò
1447,3838,2,0,1920,96.44,71.56,47.38,0.002,Hẹn Hò
1064,3992,1,1,1920,96.87,71.75,46.94,0.001,Hẹn Hò
926,3986,1,2,1936,97.94,72.44,47.44,0.001,Hẹn Hò
889,3846,1,1,1936,99.31,73.5,47.94,0.0,Hẹn Hò
816,4010,1,1,1936,99.37,73.56,48.63,0.001,Hẹn Hò
657,3978,1,1,1937,99.69,73.44,48.25,0.001,Hẹn Hò
753,4056,1,2,1920,99.81,73.56,48.5,0.003,Hẹn Hò
411,3352,-1,1,1888,100.25,73.25,48.56,0.001,Hẹn Hò
1,1574,4,0,1889,99.25,68.12,47.31,0.001,Hẹn Hò
0,1,1,1,1889,94.0,57.5,44.75,0.001,Hẹn Hò
3,0,1,0,1888,86.31,43.0,43.44,0.002,Hẹn Hò
1,2,1,0,1889,76.44,25.94,39.94,0.002,Hẹn Hò
1,2,2,1,1888,63.38,4.56,31.12,0.002,Hẹn Hò
1,2,1,136,1888,50.5,-16.69,27.19,0.0,Hẹn Hò
0,2,2,105,1888,40.44,-34.63,16.56,0.003,Hẹn Hò
2,2,2,681,1905,38.31,-40.06,21.94,0.003,Hẹn Hò
0,1,1,796,1936,36.94,-37.5,29.19,0.001,Hẹn Hò
2,0,2,1052,1905,37.56,-35.44,35.88,0.002,Hẹn Hò
0,2,0,1065,1905,37.94,-35.56,34.5,0.002,Hẹn Hò
1,1,1,1161,1905,38.0,-35.31,33.88,0.001,Hẹn Hò
1,2,1,1115,1904,38.44,-35.31,34.19,0.001,Hẹn Hò
3,1,0,855,1904,39.13,-35.38,34.06,0.001,Hẹn Hò
2,1,1,965,1904,39.69,-35.44,34.0,0.001,Hẹn Hò
-1,0,3,1077,1904,39.88,-35.44,34.0,0.003,Hẹn Hò
2,1,1,841,1904,40.38,-35.5,33.94,0.001,Hẹn Hò
2,2,1,912,1889,40.5,-35.56,33.88,0.002,Hẹn Hò
2,1,2,851,1889,40.63,-35.63,33.88,0.001,Hẹn Hò
1,0,3,752,1888,40.63,-35.63,33.81,0.002,Hẹn Hò
1,2,0,747,1888,40.63,-35.69,33.81,0.001,Hẹn Hò
1,0,1,879,1889,40.56,-35.69,33.81,0.002,Hẹn Hò
0,1,0,736,1904,40.69,-35.75,33.81,0.002,Hẹn Hò
1,1,1,691,1888,40.75,-35.75,33.81,0.0,Hẹn Hò
-1,1,1,869,1889,40.81,-35.75,33.81,0.0,Hẹn Hò
1,2,2,785,1905,40.81,-35.81,33.75,0.001,Hẹn Hò
0,2,2,742,1889,40.81,-35.81,33.75,0.002,Hẹn Hò
1,1,0,837,1904,40.81,-35.81,33.75,0.002,Hẹn Hò
-1,2,1,845,1904,40.81,-35.81,33.75,0.001,Hẹn Hò
1,3,1,864,1888,40.81,-35.81,33.75,0.001,Hẹn Hò
2,2,1,853,1888,40.81,-35.81,33.75,0.001,Hẹn Hò
2,3,1,751,1889,40.81,-35.81,33.75,0.002,Hẹn Hò
0,-1,-1,760,1889,40.81,-35.81,33.75,0.001,Hẹn Hò
2,2,1,763,1888,40.81,-35.81,33.75,0.001,Hẹn Hò
0,1,0,689,1889,40.81,-35.81,33.75,0.001,Hẹn Hò
-1,1,1,714,1888,40.81,-35.81,33.75,0.001,Hẹn Hò
0,2,1,681,1889,40.81,-35.81,33.75,0.0,Hẹn Hò
1,1,1,747,1889,40.81,-35.81,33.75,0.001,Hẹn Hò
0,1,2,671,1889,40.81,-35.81,33.75,0.001,Hẹn Hò
2,0,3,610,1889,40.81,-35.81,33.75,0.001,Hẹn Hò
1,2,2,683,1888,40.81,-35.81,33.75,0.001,Hẹn Hò
1,2,1,785,1889,40.81,-35.81,33.75,0.002,Hẹn Hò
0,1,1,955,1889,40.81,-35.81,33.75,0.002,Hẹn Hò
1,2,2,725,1889,40.81,-35.81,33.75,0.001,Hẹn Hò
3,1,0,713,1889,40.81,-35.81,33.75,0.002,Hẹn Hò
2,1,2,824,1888,40.81,-35.81,33.75,0.002,Hẹn Hò
1,1,1,877,1888,40.81,-35.81,33.75,0.002,Hẹn Hò
1,1,0,914,1889,40.81,-35.81,33.75,0.001,Hẹn Hò
0,2,1,907,1889,40.81,-35.81,33.75,0.001,Hẹn Hò
0,1,2,847,1889,40.81,-35.81,33.75,0.002,Hẹn Hò
1,2,0,722,1888,40.81,-35.81,33.75,0.002,Hẹn Hò
1,0,1,526,1889,40.81,-35.81,33.75,0.0,Hẹn Hò
1,2,0,541,1888,40.81,-35.81,33.75,0.0,Hẹn Hò
2,3,1,498,1888,40.81,-35.81,33.75,0.001,Hẹn Hò
2,1,1,515,1888,40.81,-35.81,33.75,0.002,Hẹn Hò
1,2,0,618,1888,40.81,-35.81,33.75,0.001,Hẹn Hò
-1,2,0,612,1889,40.81,-35.81,33.75,0.002,Hẹn Hò
0,2,1,646,1888,40.81,-35.81,33.75,0.002,Hẹn Hò
2,0,1,652,1889,40.81,-35.81,33.75,0.002,Hẹn Hò
2,2,2,755,1889,40.81,-35.81,33.75,0.002,Hẹn Hò
3,1,1,620,1888,40.81,-35.81,33.75,0.002,Hẹn Hò
-1,2,1,666,1905,40.81,-35.81,33.81,0.001,Hẹn Hò
1,3,0,5,1889,40.31,-37.69,34.69,0.001,Hẹn Hò
1,2,0,0,1889,45.31,-39.63,28.19,0.002,Hẹn Hò
2,1,0,3,1889,58.31,-26.69,30.25,0.002,Hẹn Hò
15,0,0,66,1889,77.19,3.56,35.13,0.001,Hẹn Hò
1435,366,736,827,1888,99.56,22.31,39.31,0.001,Hẹn Hò
1828,3676,5500,343,1905,110.56,29.19,35.81,0.001,Hẹn Hò
2967,5718,8199,2,1889,117.56,31.94,32.75,0.002,Hẹn Hò
3332,5778,6855,42,1904,126.56,36.63,35.19,0.001,Hẹn Hò
4387,5649,7286,557,1904,131.0,42.5,38.31,0.001,Hẹn Hò
2975,5057,7044,2,1904,132.31,47.44,38.69,0.001,Hẹn Hò
2874,4158,6580,1,1904,130.5,53.25,36.0,0.001,Hẹn Hò
2899,3616,6252,2,1904,130.06,62.06,32.13,0.001,Hẹn Hò
3415,4129,5806,1,1904,132.75,69.56,24.56,0.002,Hẹn Hò
3132,4093,5472,2,1904,134.31,72.62,15.19,0.001,Hẹn Hò
2566,3936,5310,0,1905,133.62,73.25,13.94,0.002,Hẹn Hò
2730,4045,4600,2,1889,132.69,73.44,18.94,0.001,Hẹn Hò
1772,3561,2503,0,1888,133.94,78.44,34.25,0.001,Hẹn Hò
821,2966,1041,1,1889,132.81,81.75,65.06,0.001,Hẹn Hò
1072,3117,6,125,1889,125.75,78.94,85.12,0.002,Hẹn Hò
417,2632,11,104,1888,114.62,74.62,89.44,0.001,Hẹn Hò
357,2865,0,98,1969,98.81,69.44,86.81,0.001,Hẹn Hò
486,3066,1,13,1985,84.31,63.94,82.37,0.001,Hẹn Hò
555,2862,0,20,2000,80.81,61.31,82.25,0.002,Hẹn Hò
600,3104,2,8,1985,81.31,61.5,81.37,0.002,Hẹn Hò
629,3186,1,9,1984,82.44,62.44,78.75,0.001,Hẹn Hò
412,3208,1,1,1969,84.19,63.19,77.87,0.002,Hẹn Hò
739,3209,0,2,1969,84.06,63.0,77.44,0.002,Hẹn Hò
961,3001,1,0,1969,84.12,62.81,77.5,0.002,Hẹn Hò
947,2990,1,3,1969,84.56,63.0,77.44,0.001,Hẹn Hò
821,2928,1,1,1969,85.12,63.25,76.75,0.002,Hẹn Hò
576,3102,1,1,1969,85.62,62.75,74.87,0.001,Hẹn Hò
1,2818,2,1,1905,85.0,61.44,74.19,0.001,Hẹn Hò
1,2197,1,1,1889,84.56,59.44,72.44,0.002,Hẹn Hò
0,298,2,0,1888,81.75,53.81,63.56,0.001,Hẹn Hò
1,1,1239,15,1889,75.06,38.25,47.81,0.001,Hẹn Hò
1,0,106,51,1888,66.0,10.75,31.37,0.0,Hẹn Hò
1,1,1,10,1889,56.31,-15.88,24.75,0.001,Hẹn Hò
1,2,1,1,1889,47.13,-35.81,25.75,0.001,Hẹn Hò
1,1,2,257,1921,43.75,-44.94,25.87,0.001,Hẹn Hò
0,2,-1,2,1904,42.81,-37.19,28.37,0.001,Hẹn Hò
0,1,0,1,1905,43.38,-33.38,38.63,0.0,Hẹn Hò
1,3,1,1,1936,43.69,-33.06,39.63,0.002,Hẹn Hò
-1,2,3,-1,1920,43.88,-33.0,38.13,0.0,Hẹn Hò
3,1,0,2,1936,44.0,-32.88,38.5,0.001,Hẹn Hò
1,2,1,2,1936,44.31,-32.88,38.5,0.0,Hẹn Hò
2,2,1,2,1937,44.31,-32.94,38.5,0.001,Hẹn Hò
2,1,0,1,1937,44.38,-32.94,38.56,0.001,Hẹn Hò
0,2,2,0,1953,44.38,-32.94,38.56,0.001,Hẹn Hò
1,2,0,0,1937,44.5,-33.0,38.56,0.0,Hẹn Hò
0,3,-1,-1,1937,44.56,-33.0,38.5,0.001,Hẹn Hò
0,1,2,1,1936,44.69,-33.0,38.38,0.001,Hẹn Hò
2,0,1,0,1937,44.81,-33.0,38.25,0.001,Hẹn Hò
1,1,2,1,1921,44.94,-33.06,38.19,0.001,Hẹn Hò
0,1,3,2,1920,44.94,-32.94,38.0,0.001,Hẹn Hò
0,2,1,0,1920,44.69,-32.75,37.56,0.002,Hẹn Hò
1,0,1,0,1920,44.44,-32.63,37.06,0.004,Hẹn Hò
-1,1,2,2,1920,44.44,-32.69,36.44,0.003,Hẹn Hò
1,1,1,0,1904,44.38,-32.63,36.13,0.002,Hẹn Hò
2,0,0,2,1889,43.56,-32.44,36.63,0.001,Hẹn Hò
1,1,2,3,1889,42.75,-31.94,36.88,0.002,Hẹn Hò
0,0,1,2,1888,42.44,-31.75,36.88,0.003,Hẹn Hò
1,1,1,1,1888,42.44,-31.62,36.44,0.001,Hẹn Hò
0,0,1,0,1888,42.88,-31.81,35.69,0.001,Hẹn Hò
1,0,1,0,1888,43.19,-32.06,35.0,0.002,Hẹn Hò
0,1,2,2,1888,43.19,-32.19,35.0,0.004,Hẹn Hò
1,1,1,-1,1888,43.19,-32.38,35.38,0.001,Hẹn Hò
-1,1,2,1,1904,43.5,-32.88,36.25,0.001,Hẹn Hò
1,1,0,2,1888,44.38,-33.19,35.81,0.001,Hẹn Hò
1,1,1,0,1888,44.75,-33.31,35.31,0.0,Hẹn Hò
1,2,1,1,1904,44.88,-33.38,35.25,0.002,Hẹn Hò
1,0,1,1,1904,45.0,-33.44,35.44,0.002,Hẹn Hò
-1,0,1,1,1904,45.25,-33.56,35.94,0.001,Hẹn Hò
1,0,0,1,1921,45.63,-33.63,36.69,0.003,Hẹn Hò
2,1,1,2,1921,45.69,-33.69,37.06,0.002,Hẹn Hò
1,2,1,1,1920,45.69,-33.69,37.19,0.001,Hẹn Hò
0,1,2,1,1937,45.69,-33.63,37.19,0.003,Hẹn Hò
1,1,2,3,1937,45.63,-33.63,36.88,0.002,Hẹn Hò
2,1,0,1,1905,45.56,-33.63,36.75,0.001,Hẹn Hò
0,2,1,3,1889,45.63,-33.69,36.63,0.001,Hẹn Hò
2,1,1,1,1889,45.56,-33.75,36.56,0.002,Hẹn Hò
1,2,2,1,1905,45.44,-33.75,36.56,0.001,Hẹn Hò
1,0,2,1,1889,45.5,-33.75,36.63,0.001,Hẹn Hò
-1,1,1,2,1921,46.0,-34.06,36.31,0.001,Hẹn Hò
1,0,1,2,2032,46.75,-34.5,35.81,0.0,Hẹn Hò
-1,2,1,1,2032,47.06,-34.63,35.88,0.001,Hẹn Hò
-2,1,1,3,1985,47.5,-34.75,36.13,0.001,Hẹn Hò
0,1,0,1,1936,48.19,-35.0,36.69,0.001,Hẹn Hò
1,0,2,2,1904,48.81,-35.25,36.81,0.002,Hẹn Hò
2,3,2,2,1889,49.31,-35.44,36.75,0.001,Hẹn Hò
0,1,1,2,1888,49.56,-35.44,36.75,0.002,Hẹn Hò
2,1,1,1,1889,49.75,-35.31,36.88,0.002,Hẹn Hò
2,0,1,0,1888,49.81,-35.25,37.25,0.001,Hẹn Hò
1,2,-1,2,1889,49.69,-35.19,37.56,0.002,Hẹn Hò
1,1,2,2,1889,49.5,-35.06,37.75,0.0,Hẹn Hò
0,1,2,1,1889,49.44,-34.88,37.81,0.0,Hẹn Hò
1,1,2,1,1889,49.31,-34.88,37.44,0.001,Hẹn Hò
2,2,1,0,1888,49.13,-35.13,35.88,0.003,Hẹn Hò
1,2,1,2,1889,49.0,-35.13,35.06,0.002,Hẹn Hò
1,1,1,2,1889,49.0,-35.13,34.19,0.001,Hẹn Hò
1,0,0,1,1888,49.06,-35.19,33.44,0.001,Hẹn Hò
1,2,0,2,1888,49.13,-35.25,32.94,0.001,Hẹn Hò
2,0,1,-1,1888,49.31,-35.44,32.44,0.002,Hẹn Hò
0,0,1,1,1889,49.25,-35.56,32.63,0.002,Hẹn Hò
0,1,1,2,1888,48.94,-35.5,33.44,0.002,Hẹn Hò
1,2,0,2,1889,48.81,-35.44,33.75,0.124,Hẹn Hò
1,1,-1,0,1888,48.63,-35.44,34.19,0.096,Hẹn Hò
0,1,1,2,1889,47.31,-34.44,39.81,0.055,Hẹn Hò
0,1,1,1,1888,48.06,-23.25,42.94,0.168,Hẹn Hò
25,3,337,444,1889,55.25,-6.94,44.88,0.124,Hẹn Hò
748,688,619,203,1889,70.69,9.06,45.06,0.128,Hẹn Hò
1529,2644,4515,1,1888,86.87,24.06,44.88,0.122,Hẹn Hò
2481,3966,7426,1,1889,103.37,32.31,45.69,0.065,Hẹn Hò
2970,4720,5247,1,1888,114.25,34.19,40.19,0.047,Hẹn Hò
3882,5597,3127,22,1889,117.5,33.19,35.0,0.005,Hẹn Hò
2935,5975,1477,8,1888,121.12,31.37,31.62,0.003,Hẹn Hò
3450,5751,1115,18,1920,128.75,32.56,30.56,0.003,Hẹn Hò
3280,5446,1367,-1,1921,133.56,36.38,29.44,0.003,Hẹn Hò
3144,5304,1423,3,1904,137.0,41.63,28.69,0.002,Hẹn Hò
2514,4454,1862,1,1905,139.06,48.5,27.19,0.002,Hẹn Hò
2639,4424,1191,0,1904,144.06,57.63,23.25,0.003,Hẹn Hò
2199,4255,694,0,1904,151.12,66.75,14.31,0.003,Hẹn Hò
2101,4111,762,0,1904,157.81,72.44,-0.31,0.002,Hẹn Hò
2218,4082,539,0,1905,156.69,74.0,-5.25,0.002,Hẹn Hò
1537,3913,337,1,1889,151.62,77.12,1.81,0.004,Hẹn Hò
817,2579,860,1,1889,146.12,83.06,31.69,0.003,Hẹn Hò
896,2846,246,6,1889,139.81,83.25,6.37,0.001,Hẹn Hò
805,3088,2,232,1889,131.94,80.69,83.06,0.002,Hẹn Hò
442,3113,2,287,1937,120.56,76.94,80.81,0.002,Hẹn Hò
159,3350,1,299,1953,109.31,72.81,76.56,0.001,Hẹn Hò
13,3245,0,11,1953,97.56,69.06,73.37,0.004,Hẹn Hò
33,3342,0,4,1952,89.81,65.75,71.94,0.001,Hẹn Hò
62,3541,2,8,1952,90.12,65.62,71.87,0.001,Hẹn Hò
89,3289,3,1,1952,90.75,66.06,69.19,0.001,Hẹn Hò
117,3589,0,1,1953,91.75,66.44,67.37,0.002,Hẹn Hò
113,3689,0,0,1952,92.19,66.5,66.69,0.001,Hẹn Hò
102,3900,0,1,1952,92.37,66.44,66.87,0.001,Hẹn Hò
78,3569,1,0,1936,92.75,66.31,67.19,0.002,Hẹn Hò
172,2989,-1,1,1936,92.81,65.19,65.56,0.002,Hẹn Hò
626,3098,3,2,1953,91.12,62.94,62.0,0.001,Hẹn Hò
1169,3835,2,0,1952,83.5,56.38,53.0,0.001,Hẹn Hò
2763,3935,1,2,1969,75.5,50.25,51.25,0.002,Hẹn Hò
2054,3340,2,1,1968,67.44,38.19,46.44,0.002,Hẹn Hò
2869,3366,2,3,1953,63.13,26.69,37.0,0.002,Hẹn Hò
2623,3370,2,3,1969,59.88,11.31,26.25,0.002,Hẹn Hò
527,2426,2,4,1888,54.5,-10.06,25.75,0.001,Hẹn Hò
4,1023,1,1,1904,49.0,-14.25,21.37,0.002,Hẹn Hò
111,1,1,0,1889,46.06,-21.94,27.69,0.003,Hẹn Hò
3,1,1,1,1889,38.75,-29.25,44.81,0.001,Hẹn Hò
2,0,1,1,1889,39.38,-29.25,45.69,0.001,Hẹn Hò
0,0,2,2,1888,39.94,-28.87,44.94,0.002,Hẹn Hò
-1,1,1,0,1889,39.94,-28.75,44.81,0.001,Hẹn Hò
1,1,0,4,1888,40.19,-28.75,44.88,0.001,Hẹn Hò
1,1,0,1,1888,40.19,-28.81,44.81,0.002,Hẹn Hò
1,1,1,0,1888,40.25,-28.87,44.81,0.0,Hẹn Hò
-1,1,1,1,1889,40.25,-28.94,44.75,0.001,Hẹn Hò
-1,3,0,1,1888,40.38,-28.94,44.69,0.002,Hẹn Hò
-2,0,1,1,1889,40.44,-29.0,44.69,0.001,Hẹn Hò
1,1,2,2,1888,40.5,-29.06,44.63,0.001,Hẹn Hò
1,1,3,1,1889,40.5,-29.12,44.63,0.001,Hẹn Hò
0,1,0,1,1889,40.56,-29.12,44.56,0.094,Hẹn Hò
1,3,1,1,1888,40.56,-29.12,44.56,0.003,Hẹn Hò
1,1,1,0,1889,40.5,-29.19,44.56,0.049,Hẹn Hò
1,3,1,2,1888,40.5,-29.19,44.56,0.002,Hẹn Hò
0,0,0,1,1889,40.5,-29.25,44.5,0.073,Hẹn Hò
-1,0,1,1,1888,40.5,-29.25,44.5,0.002,Hẹn Hò
0,2,2,1,1889,40.5,-29.25,44.5,0.021,Hẹn Hò
1,1,1,1,1888,40.5,-29.25,44.5,0.001,Hẹn Hò
-1,1,0,1,1888,40.5,-29.25,44.5,0.003,Hẹn Hò
1,1,0,2,1889,40.56,-29.19,44.38,0.006,Hẹn Hò
0,0,1,2,1889,41.0,-29.25,43.25,0.049,Hẹn Hò
1,-2,0,24,1888,41.5,-29.25,41.94,0.021,Hẹn Hò
1,1,1,5,1888,41.75,-29.31,41.38,0.039,Hẹn Hò
1,2,2,4,1921,42.19,-29.5,41.13,0.059,Hẹn Hò
0,0,0,4,1904,42.56,-29.62,41.0,0.047,Hẹn Hò
1,1,1,11,1889,42.94,-29.81,41.06,0.033,Hẹn Hò
-1,0,0,4,1888,43.63,-29.69,40.94,0.011,Hẹn Hò
0,1,0,11,1904,44.56,-29.75,40.63,0.001,Hẹn Hò
0,1,1,21,1888,45.69,-30.12,40.44,0.004,Hẹn Hò
1,2,0,119,1889,47.06,-30.44,40.0,0.03,Hẹn Hò
0,0,0,2,1889,46.38,-30.37,41.44,0.002,Hẹn Hò
0,1,0,2,1888,46.13,-30.25,42.31,0.001,Hẹn Hò
-1,2,2,2,1888,46.69,-30.19,42.94,0.002,Hẹn Hò
-1,3,3,0,1904,47.75,-30.31,43.13,0.002,Hẹn Hò
1,1,1,1,1904,48.56,-30.5,43.25,0.001,Hẹn Hò
1,0,1,2,1905,49.13,-30.62,43.75,0.019,Hẹn Hò
0,1,2,2,1888,49.44,-30.69,43.56,0.016,Hẹn Hò
2,1,0,2,1889,49.25,-30.62,42.63,0.011,Hẹn Hò
-1,2,1,1,1888,48.25,-30.25,42.38,0.003,Hẹn Hò
2,0,2,3,1888,46.75,-29.62,43.19,0.012,Hẹn Hò
0,1,1,0,1888,45.75,-29.19,43.5,0.002,Hẹn Hò
-1,1,1,1,1889,45.31,-28.87,44.06,0.002,Hẹn Hò
0,1,2,3,1889,45.38,-28.81,44.0,0.002,Hẹn Hò
1,2,1,2,1904,45.63,-28.75,43.81,0.008,Hẹn Hò
1,0,0,1,1920,46.38,-28.69,43.75,0.015,Hẹn Hò
1,0,0,2,1937,46.81,-28.62,44.25,0.035,Hẹn Hò
3,2,1,1,1968,47.13,-28.69,44.75,0.009,Hẹn Hò
-1,1,1,0,2000,47.56,-28.75,44.69,0.013,Hẹn Hò
0,1,1,0,2000,47.44,-28.87,44.38,0.035,Hẹn Hò
2,2,1,2,1969,47.0,-29.0,44.69,0.046,Hẹn Hò
1,1,0,1,1889,45.75,-29.0,46.06,0.005,Hẹn Hò
-1,0,1,1,1889,44.56,-29.06,46.38,0.004,Hẹn Hò
1,2,0,4,1888,44.19,-29.12,46.38,0.001,Hẹn Hò
0,-1,2,3,1888,43.81,-29.31,46.5,0.012,Hẹn Hò
1,-1,1,103,1889,43.69,-29.44,46.38,0.026,Hẹn Hò
1,0,1,2,1889,42.44,-29.81,46.19,0.001,Hẹn Hò
1,0,1,1,1889,40.19,-30.44,45.31,0.001,Hẹn Hò
2,1,1,2,1904,39.19,-30.5,45.25,0.001,Hẹn Hò
0,1,1,2,1920,39.19,-31.0,44.0,0.002,Hẹn Hò
2,1,1,2,1905,40.5,-31.37,42.81,0.001,Hẹn Hò
1,2,1,2,1905,41.0,-31.19,42.94,0.0,Hẹn Hò
0,2,0,1,1904,40.81,-30.75,43.44,0.001,Hẹn Hò
1,1,0,2,1889,39.13,-27.06,41.13,0.043,Hẹn Hò
514,1,362,34,1888,44.75,-17.69,33.56,0.001,Hẹn Hò
929,1201,2239,251,1888,54.75,-6.69,27.5,0.037,Hẹn Hò
1800,3322,5774,357,1904,73.5,3.75,32.13,0.001,Hẹn Hò
3084,5957,7292,1,1921,96.69,16.94,44.44,0.003,Hẹn Hò
3253,5304,7137,1,1904,115.81,26.87,44.56,0.002,Hẹn Hò
3504,5250,6980,3,1936,123.44,33.31,41.69,0.003,Hẹn Hò
3200,5386,6292,2,1953,126.12,38.81,41.44,0.007,Hẹn Hò
2603,5285,6208,1,2000,128.44,44.63,40.69,0.003,Hẹn Hò
2474,5329,6113,1,2000,131.62,50.88,35.44,0.005,Hẹn Hò
2064,4749,5658,-1,2001,137.0,59.5,29.44,0.012,Hẹn Hò
1942,4649,4622,1,2000,141.75,66.06,22.25,0.002,Hẹn Hò
1349,4218,3077,2,1904,143.69,72.62,24.5,0.074,Hẹn Hò
877,3610,1464,1,1889,140.69,76.87,32.88,0.022,Hẹn Hò
856,4674,2,297,1888,135.19,77.44,35.25,0.021,Hẹn Hò
811,3739,1,661,1937,125.81,77.37,42.13,0.003,Hẹn Hò
481,4009,1,1327,1952,113.0,72.56,49.69,0.001,Hẹn Hò
346,4396,2,1200,1968,99.5,67.31,60.63,0.004,Hẹn Hò
526,4695,1,1150,1984,93.31,63.31,69.69,0.003,Hẹn Hò
771,4711,2,878,1985,94.0,63.19,70.5,0.001,Hẹn Hò
727,4627,1,607,1969,97.37,64.69,65.31,0.002,Hẹn Hò
740,4399,1,229,1968,97.31,64.62,60.38,0.004,Hẹn Hò
832,4525,2,121,1968,97.06,64.31,59.56,0.024,Hẹn Hò
729,4328,0,102,1953,95.44,63.0,58.63,0.004,Hẹn Hò
217,2875,1,0,1889,91.12,59.81,57.25,0.002,Hẹn Hò
0,1504,0,1,1888,81.31,49.63,47.63,0.033,Hẹn Hò
2,2,2,2,1889,72.25,33.75,37.31,0.002,Hẹn Hò
6,2,1,0,1889,64.5,9.75,30.25,0.017,Hẹn Hò
-1,1,2,3,1888,54.5,-18.62,26.0,0.003,Hẹn Hò
2,1,1,1,1889,43.5,-31.06,24.5,0.001,Hẹn Hò
2,2,2,762,1953,37.19,-36.44,26.44,0.001,Hẹn Hò
0,2,1,712,1905,36.44,-35.69,27.06,0.002,Hẹn Hò
1,0,1,564,1905,38.94,-33.56,32.06,0.005,Hẹn Hò
0,2,0,661,1905,38.88,-33.63,32.75,0.005,Hẹn Hò
0,1,3,575,1904,38.94,-33.5,32.63,0.002,Hẹn Hò
1,2,1,503,1905,39.0,-33.5,32.94,0.038,Hẹn Hò
0,2,1,356,1904,39.31,-33.44,32.88,0.0,Hẹn Hò
0,1,3,422,1904,39.44,-33.44,32.94,0.004,Hẹn Hò
2,1,1,476,1889,39.63,-33.44,33.0,0.034,Hẹn Hò
0,0,1,395,1888,39.69,-33.44,33.0,0.027,Hẹn Hò
-1,1,1,450,1889,39.94,-33.38,33.0,0.001,Hẹn Hò
1,2,0,190,1889,39.94,-33.38,33.0,0.006,Hẹn Hò
0,0,1,120,1889,40.06,-33.38,33.06,0.001,Hẹn Hò
1,1,0,92,1888,40.13,-33.38,33.06,0.001,Hẹn Hò
1,2,1,156,1889,40.13,-33.38,33.06,0.001,Hẹn Hò
-1,1,1,108,1889,40.19,-33.38,33.06,0.002,Hẹn Hò
2,0,1,123,1888,40.13,-33.38,33.13,0.011,Hẹn Hò
2,2,1,201,1889,40.13,-33.38,33.06,0.002,Hẹn Hò
0,1,0,119,1888,40.13,-33.38,33.06,0.038,Hẹn Hò
0,1,1,184,1889,40.13,-33.38,33.06,0.001,Hẹn Hò
-1,2,1,209,1888,40.13,-33.38,33.06,0.166,Hẹn Hò
0,1,1,196,1889,40.13,-33.38,33.06,0.002,Hẹn Hò
2,1,0,219,1889,40.13,-33.38,33.06,0.06,Hẹn Hò
2,1,3,128,1889,40.13,-33.38,33.06,0.001,Hẹn Hò
3,2,1,185,1888,40.13,-33.38,33.06,0.003,Hẹn Hò
1,0,1,224,1889,40.13,-33.38,33.06,0.005,Hẹn Hò
1,0,1,235,1888,40.13,-33.38,33.06,0.001,Hẹn Hò
0,1,0,267,1888,40.13,-33.38,33.06,0.038,Hẹn Hò
2,0,1,183,1889,40.13,-33.38,33.06,0.063,Hẹn Hò
0,0,0,162,1889,40.13,-33.38,33.06,0.002,Hẹn Hò
0,2,1,100,1888,40.13,-33.38,33.06,0.01,Hẹn Hò
1,0,0,145,1888,40.13,-33.38,33.06,0.063,Hẹn Hò
1,0,3,149,1888,40.13,-33.38,33.06,0.001,Hẹn Hò
0,3,1,153,1888,40.19,-33.38,33.06,0.004,Hẹn Hò
2,1,0,158,1888,40.19,-33.38,33.06,0.001,Hẹn Hò
0,1,2,183,1888,40.19,-33.38,33.06,0.0,Hẹn Hò
0,1,3,187,1889,40.19,-33.38,33.06,0.001,Hẹn Hò
1,2,0,186,1889,40.19,-33.38,33.06,0.002,Hẹn Hò
2,0,1,130,1888,40.19,-33.38,33.06,0.001,Hẹn Hò
0,0,0,125,1889,40.19,-33.38,33.06,0.002,Hẹn Hò
3,2,0,50,1888,40.19,-33.38,33.06,0.002,Hẹn Hò
0,1,0,63,1888,40.19,-33.38,33.06,0.008,Hẹn Hò
2,2,0,49,1888,40.19,-33.38,33.06,0.002,Hẹn Hò
1,1,0,29,1888,40.19,-33.38,33.0,0.002,Hẹn Hò
1,1,1,51,1889,40.19,-33.38,33.06,0.026,Hẹn Hò
1,1,2,57,1888,40.0,-33.63,33.38,0.003,Hẹn Hò
1,0,1,15,1889,39.88,-35.75,33.38,0.074,Hẹn Hò
12,2,2,155,1936,45.13,-28.19,26.87,0.002,Hẹn Hò
302,5,24,160,1888,57.19,-16.37,19.25,0.028,Hẹn Hò
1098,232,267,3,1888,78.12,4.37,30.19,0.001,Hẹn Hò
327,438,25,3,1888,94.44,18.81,29.56,0.003,Hẹn Hò
2,259,1,3,1889,100.81,24.81,23.87,0.025,Hẹn Hò
5,14,3,0,1888,101.37,19.62,24.0,0.017,Hẹn Hò
2,3,1,3,1888,96.5,6.62,19.25,0.02,Hẹn Hò
1,1,2,0,1889,84.31,-15.06,14.19,0.002,Hẹn Hò
9,1,1,2,1889,66.31,-37.44,8.81,0.009,Hẹn Hò
1,1,0,-1,1889,46.0,-40.94,16.31,0.029,Hẹn Hò
1,1,1,2,1889,32.44,-42.69,15.13,0.003,Hẹn Hò
161,1,1,1,1889,34.63,-47.69,8.88,0.006,Hẹn Hò
1,1,2,3,1889,33.75,-47.88,14.94,0.001,Hẹn Hò
1,2,1,1,1888,32.63,-48.69,19.87,0.005,Hẹn Hò
1,1,0,3,1888,35.31,-49.81,23.25,0.03,Hẹn Hò
0,0,2,0,1889,45.44,-40.88,19.12,0.008,Hẹn Hò
1,0,1,1,1889,61.25,-20.56,16.94,0.001,Hẹn Hò
33,1,1,103,1888,89.37,-1.06,27.06,0.001,Hẹn Hò
383,655,573,1021,1889,103.19,17.19,31.31,0.001,Hẹn Hò
2845,3785,4942,993,1889,105.0,24.0,35.63,0.002,Hẹn Hò
3932,5636,7818,545,1905,99.44,24.94,35.06,0.002,Hẹn Hò
3980,6621,8378,41,1905,99.81,23.81,29.37,0.002,Hẹn Hò
3562,6493,7280,0,1985,108.44,19.37,24.5,0.0,Hẹn Hò
3490,6564,6371,0,2001,115.12,20.31,24.62,0.003,Hẹn Hò
3089,6252,5677,2,2001,118.19,25.37,26.06,0.022,Hẹn Hò
2634,5837,5005,1,2001,120.0,32.31,25.81,0.006,Hẹn Hò
2602,5401,4264,1,1937,119.81,39.0,22.37,0.004,Hẹn Hò
2375,4640,4256,2,1953,122.31,48.19,20.44,0.028,Hẹn Hò
2045,4731,4244,157,1953,122.56,51.06,17.81,0.004,Hẹn Hò
1563,4920,3728,1,1920,123.25,52.75,15.63,0.002,Hẹn Hò
726,3515,3747,1,1920,124.5,64.25,19.0,0.005,Hẹn Hò
363,3566,893,3,1904,118.31,74.37,34.88,0.005,Hẹn Hò
212,4257,100,23,1904,112.62,76.87,45.5,0.024,Hẹn Hò
130,4196,33,794,1920,107.62,75.37,52.44,0.044,Hẹn Hò
170,4513,3,279,1921,97.12,70.06,57.44,0.001,Hẹn Hò
405,4692,1,278,1985,87.56,62.69,67.75,0.004,Hẹn Hò
558,4262,1,254,1985,78.69,55.06,74.5,0.032,Hẹn Hò
534,4544,0,391,1985,77.37,52.88,75.37,0.007,Hẹn Hò
475,5333,1,404,1985,79.75,55.38,72.44,0.008,Hẹn Hò
472,5263,0,391,1984,82.94,58.06,69.31,0.003,Hẹn Hò
407,5154,1,328,1953,84.5,59.19,66.69,0.002,Hẹn Hò
268,5173,1,144,1936,85.37,59.5,66.5,0.001,Hẹn Hò
280,4542,1,144,1920,85.75,59.38,67.12,0.002,Hẹn Hò
19,4143,1,1,1905,86.25,57.38,66.19,0.002,Hẹn Hò
3,4198,3,2,1905,86.37,52.25,67.06,0.001,Hẹn Hò
1,2531,0,1,1904,88.94,44.31,72.94,0.049,Hẹn Hò
1,657,2,100,1905,86.44,32.31,73.44,0.037,Hẹn Hò
1,1,1,184,1905,74.37,12.5,72.12,0.01,Hẹn Hò
2,1,1,110,1888,50.44,-8.63,66.06,0.001,Hẹn Hò
0,1,2,174,1889,37.94,-26.56,43.88,0.001,Hẹn Hò
0,0,1,1885,1920,37.0,-38.0,32.13,0.005,Hẹn Hò
1,2,1,1132,1888,36.75,-33.81,31.44,0.001,Hẹn Hò
-1,0,1,1299,1888,36.75,-33.5,36.0,0.041,Hẹn Hò
1,0,2,1508,1889,37.06,-33.25,33.75,0.002,Hẹn Hò
0,2,1,1344,1889,37.13,-33.19,34.0,0.022,Hẹn Hò
0,0,1,1307,1889,37.19,-33.13,33.81,0.002,Hẹn Hò
-1,1,1,1225,1888,37.56,-33.19,33.81,0.003,Hẹn Hò
3,1,2,1283,1889,37.63,-33.19,33.88,0.027,Hẹn Hò
1,1,1,1111,1889,37.81,-33.25,33.88,0.024,Hẹn Hò
-1,2,0,996,1889,38.06,-33.25,33.94,0.021,Hẹn Hò
3,2,0,1131,1889,38.13,-33.31,33.94,0.001,Hẹn Hò
1,2,0,1006,1889,38.25,-33.31,34.0,0.018,Hẹn Hò
0,1,1,940,1889,38.25,-33.38,34.0,0.033,Hẹn Hò
3,2,3,1048,1888,38.31,-33.44,34.06,0.009,Hẹn Hò
0,1,2,867,1888,38.44,-33.44,34.06,0.006,Hẹn Hò
1,1,0,865,1888,38.44,-33.44,34.06,0.003,Hẹn Hò
1,1,1,873,1888,38.5,-33.5,34.13,0.001,Hẹn Hò
0,1,2,976,1888,38.5,-33.5,34.13,0.002,Hẹn Hò
2,2,1,937,1888,38.63,-33.5,34.06,0.001,Hẹn Hò
1,1,0,803,1888,38.63,-33.5,34.06,0.001,Hẹn Hò
0,1,1,818,1888,38.63,-33.5,34.06,0.002,Hẹn Hò
1,1,2,730,1889,38.63,-33.5,34.06,0.001,Hẹn Hò
1,1,2,830,1888,38.63,-33.5,34.06,0.002,Hẹn Hò
1,0,1,898,1888,38.63,-33.5,34.06,0.0,Hẹn Hò
1,2,2,808,1889,38.63,-33.5,34.06,0.003,Hẹn Hò
2,2,1,908,1888,38.63,-33.5,34.06,0.014,Hẹn Hò
0,2,1,938,1889,38.63,-33.5,34.06,0.002,Hẹn Hò
2,1,1,849,1888,38.63,-33.5,34.06,0.037,Hẹn Hò
2,1,0,955,1889,38.63,-33.5,34.06,0.001,Hẹn Hò
0,0,0,939,1889,38.63,-33.5,34.06,0.004,Hẹn Hò
-1,1,1,974,1889,38.63,-33.5,34.06,0.001,Hẹn Hò
0,1,2,884,1889,38.63,-33.5,34.06,0.002,Hẹn Hò
2,2,3,847,1889,38.63,-33.5,34.06,0.001,Hẹn Hò
0,1,1,838,1889,38.63,-33.5,34.06,0.003,Hẹn Hò
1,1,3,924,1889,38.63,-33.5,34.06,0.005,Hẹn Hò
1,1,3,877,1889,38.63,-33.5,34.06,0.003,Hẹn Hò
0,2,2,961,1888,38.63,-33.5,34.06,0.019,Hẹn Hò
0,3,2,1035,1888,38.63,-33.5,34.06,0.032,Hẹn Hò
-1,1,3,946,1889,38.63,-33.5,34.06,0.002,Hẹn Hò
1,2,1,959,1889,38.63,-33.5,34.06,0.012,Hẹn Hò
0,1,1,879,1888,38.63,-33.5,34.06,0.005,Hẹn Hò
-1,1,2,976,1888,38.63,-33.5,34.06,0.002,Hẹn Hò
0,2,2,938,1889,38.63,-33.5,34.06,0.002,Hẹn Hò
0,1,1,955,1888,38.63,-33.5,34.06,0.002,Hẹn Hò
1,2,1,886,1888,38.63,-33.5,34.06,0.002,Hẹn Hò
1,2,1,915,1888,38.63,-33.5,34.13,0.004,Hẹn Hò
1,2,1,854,1889,38.63,-33.5,34.13,0.001,Hẹn Hò
-1,2,1,914,1888,38.63,-33.5,34.13,0.021,Hẹn Hò
1,3,1,783,1888,38.63,-33.5,34.13,0.003,Hẹn Hò
0,1,3,816,1888,38.63,-33.5,34.13,0.004,Hẹn Hò
1,1,-1,812,1888,38.56,-33.56,34.0,0.004,Hẹn Hò
1,2,0,1013,1888,38.5,-33.5,33.75,0.006,Hẹn Hò
2,0,0,1104,1889,38.5,-33.5,33.75,0.002,Hẹn Hò
0,1,0,999,1888,38.5,-33.56,33.75,0.017,Hẹn Hò
0,2,1,916,1888,38.5,-33.5,33.75,0.013,Hẹn Hò
1,2,1,884,1889,38.5,-33.56,33.75,0.002,Hẹn Hò
1,1,0,959,1888,38.5,-33.56,33.88,0.005,Hẹn Hò
1,0,1,1024,1888,38.5,-33.63,33.88,0.012,Hẹn Hò
1,1,1,1005,1888,38.44,-33.63,33.88,0.003,Hẹn Hò
1,1,1,116,1889,38.38,-33.69,34.19,0.008,Hẹn Hò
0,1,2,33,1937,42.31,-33.5,34.0,0.002,Hẹn Hò
5,1,0,3,1888,59.25,-18.31,32.69,0.005,Hẹn Hò
571,217,579,506,1889,79.94,5.0,32.94,0.03,Hẹn Hò
1913,3620,5083,1277,1889,93.81,20.31,30.44,0.017,Hẹn Hò
3184,6064,7128,2,1905,96.0,25.12,23.19,0.003,Hẹn Hò
3343,5857,6591,2,1904,102.5,28.19,18.5,0.007,Hẹn Hò
4181,4726,5249,2,1904,109.12,27.69,12.0,0.007,Hẹn Hò
3731,4623,4891,2,1920,114.87,28.62,11.81,0.026,Hẹn Hò
2620,4315,4562,0,1937,117.44,32.75,14.38,0.002,Hẹn Hò
2155,3439,4063,1,1937,119.0,40.44,16.5,0.011,Hẹn Hò
2288,3806,4217,2,1952,129.75,49.44,11.38,0.008,Hẹn Hò
2358,3383,3345,1,1952,144.81,57.75,-2.0,0.018,Hẹn Hò
2282,3633,2604,1,1937,150.19,60.69,-11.13,0.005,Hẹn Hò
2169,4038,2335,0,1937,147.0,61.31,-8.38,0.049,Hẹn Hò
1370,3671,1432,2,1888,145.94,70.37,-4.5,0.003,Hẹn Hò
849,3052,257,1,1889,144.81,82.5,4.12,0.006,Hẹn Hò
686,2746,37,143,1888,138.94,85.06,2.62,0.024,Hẹn Hò
402,2722,2,505,1888,123.56,81.12,56.19,0.003,Hẹn Hò
105,2558,3,467,1889,108.37,75.56,65.44,0.017,Hẹn Hò
135,2866,2,339,1968,97.62,69.5,65.87,0.005,Hẹn Hò
420,2932,2,242,2000,91.0,65.12,74.37,0.004,Hẹn Hò
581,3380,1,164,1985,88.75,63.5,77.69,0.043,Hẹn Hò
537,3784,0,106,2000,90.12,64.75,72.5,0.025,Hẹn Hò
466,3702,2,44,2001,91.12,65.69,66.62,0.001,Hẹn Hò
508,3673,1,8,2001,91.25,66.19,61.94,0.009,Hẹn Hò
609,3801,2,3,1969,91.37,66.62,59.75,0.005,Hẹn Hò
238,2772,1,2,1904,89.31,64.94,58.13,0.006,Hẹn Hò
2,139,1,1499,1888,83.56,54.44,55.5,0.008,Hẹn Hò
13,2,269,767,1889,73.5,27.62,47.38,0.014,Hẹn Hò
3,1,0,155,1888,56.38,-2.37,40.06,0.005,Hẹn Hò
0,1,1,0,1888,41.06,-22.62,33.25,0.004,Hẹn Hò
0,1,4,2,1888,36.0,-32.5,29.31,0.004,Hẹn Hò
1,8,1539,2,1889,32.38,-37.31,26.62,0.004,Hẹn Hò
0,1,4,2,1889,33.88,-39.63,23.37,0.002,Hẹn Hò
0,0,0,2,1889,33.88,-39.88,29.75,0.003,Hẹn Hò
2,0,2,2,1888,34.0,-39.38,29.19,0.003,Hẹn Hò
-1,2,1,2,1889,34.25,-37.63,27.94,0.003,Hẹn Hò
1,1,0,0,1888,34.31,-37.19,27.62,0.0,Hẹn Hò
2,1,0,1,1889,34.5,-36.56,27.0,0.001,Hẹn Hò
2,1,0,1,1889,34.81,-36.25,26.94,0.003,Hẹn Hò
0,0,1,1,1889,34.81,-36.19,26.87,0.001,Hẹn Hò
2,2,2,0,1888,34.75,-36.25,26.81,0.002,Hẹn Hò
1,3,1,1,1888,34.81,-36.25,26.75,0.003,Hẹn Hò
1,1,2,0,1889,35.0,-36.31,26.69,0.002,Hẹn Hò
0,1,0,0,1888,35.0,-36.31,26.69,0.002,Hẹn Hò
-1,1,1,0,1889,35.06,-36.38,26.62,0.001,Hẹn Hò
0,2,1,2,1889,35.06,-36.38,26.62,0.001,Hẹn Hò
2,0,0,2,1888,35.0,-36.38,26.56,0.001,Hẹn Hò
1,1,0,3,1888,35.06,-36.44,26.56,0.001,Hẹn Hò
2,1,1,3,1889,35.06,-36.44,26.56,0.002,Hẹn Hò
1,4,1,0,1888,35.0,-36.5,26.5,0.002,Hẹn Hò
0,1,0,2,1889,35.0,-36.5,26.5,0.001,Hẹn Hò
0,1,2,1,1888,35.0,-36.56,26.5,0.001,Hẹn Hò
1,1,1,0,1889,35.0,-36.56,26.5,0.002,Hẹn Hò
1,1,1,1,1889,35.0,-36.56,26.5,0.003,Hẹn Hò
-1,1,1,2,1889,35.0,-36.63,26.5,0.0,Hẹn Hò
1,1,1,3,1888,35.0,-36.63,26.5,0.001,Hẹn Hò
0,-1,2,1,1888,35.0,-36.63,26.5,0.003,Hẹn Hò
1,0,2,2,1889,35.0,-36.63,26.5,0.002,Hẹn Hò
2,2,1,1,1888,35.0,-36.63,26.5,0.001,Hẹn Hò
-1,-1,1,1,1888,35.0,-36.63,26.5,0.002,Hẹn Hò
3,2,2,1,1888,35.0,-36.63,26.5,0.002,Hẹn Hò
0,1,2,3,1889,35.0,-36.63,26.5,0.002,Hẹn Hò
0,1,1,1,1889,35.0,-36.63,26.5,0.0,Hẹn Hò
1,2,1,2,1888,35.0,-36.63,26.5,0.001,Hẹn Hò
0,0,0,2,1888,34.94,-36.63,26.62,0.001,Hẹn Hò
2,2,3,2,1889,34.94,-36.63,26.69,0.001,Hẹn Hò
1,0,1,3,1889,34.94,-36.63,26.69,0.001,Hẹn Hò
0,2,2,1,1888,34.94,-36.63,26.75,0.003,Hẹn Hò
1,2,1,1,1888,34.94,-36.63,26.75,0.003,Hẹn Hò
0,1,1,1,1888,34.94,-36.63,26.75,0.003,Hẹn Hò
-1,0,0,1,1889,34.94,-36.63,26.75,0.0,Hẹn Hò
3,1,-1,3,1889,34.88,-36.63,26.75,0.001,Hẹn Hò
2,2,0,-1,1889,34.88,-36.63,26.75,0.002,Hẹn Hò
1,1,0,2,1889,34.88,-36.63,26.75,0.001,Hẹn Hò
2,1,1,3,1889,34.88,-36.63,26.75,0.002,Hẹn Hò
2,2,3,0,1889,34.88,-36.63,26.75,0.001,Hẹn Hò
0,0,1,3,1889,34.88,-36.63,26.75,0.001,Hẹn Hò
1,1,0,2,1888,34.88,-36.63,26.75,0.0,Hẹn Hò
1,3,1,1,1888,34.88,-36.63,26.75,0.001,Hẹn Hò
1,1,1,0,1888,34.88,-36.63,26.75,0.003,Hẹn Hò
1,0,1,0,1888,34.88,-36.63,26.75,0.005,Hẹn Hò
0,0,2,2,1888,34.88,-36.63,26.75,0.006,Hẹn Hò
1,1,-1,1,1888,34.88,-36.63,26.75,0.006,Hẹn Hò
0,2,0,3,1888,34.88,-36.63,26.75,0.006,Hẹn Hò
1,2,1,1,1888,34.88,-36.63,26.75,0.003,Hẹn Hò
2,1,0,2,1888,34.88,-36.63,26.75,0.003,Hẹn Hò
0,1,0,3,1889,34.88,-36.63,26.75,0.003,Hẹn Hò
1,2,1,3,1888,34.88,-36.63,26.75,0.004,Hẹn Hò
0,2,0,1,1888,34.88,-36.63,26.75,0.003,Hẹn Hò
1,1,0,2,1889,34.88,-36.63,26.81,0.004,Hẹn Hò
0,2,-1,1,1889,34.88,-36.63,26.81,0.003,Hẹn Hò
1,1,2,1,1888,34.94,-36.69,26.81,0.003,Hẹn Hò
3,3,2,3,1889,34.94,-36.69,26.87,0.002,Hẹn Hò
0,1,1,2,1889,34.94,-36.69,26.87,0.002,Hẹn Hò
-1,3,1,1,1888,34.94,-36.69,26.87,0.003,Hẹn Hò
-1,2,1,1,1889,34.94,-36.69,26.87,0.003,Hẹn Hò
1,1,1,1,1888,34.88,-36.75,27.25,0.002,Hẹn Hò
1,-1,3,8,1888,33.69,-39.81,35.31,0.003,Hẹn Hò
3,1,2,103,1888,43.38,-31.25,36.13,0.002,Hẹn Hò
1,1,0,99,1889,61.0,-11.06,37.69,0.003,Hẹn Hò
987,127,1024,583,1889,87.19,9.88,42.88,0.002,Hẹn Hò
1712,2917,7104,272,1888,104.37,19.62,41.0,0.002,Hẹn Hò
3412,5031,9169,157,1889,108.31,22.87,34.0,0.002,Hẹn Hò
3678,6342,8544,0,1905,116.69,25.62,30.37,0.002,Hẹn Hò
3646,5823,8079,1,1904,128.69,26.19,27.56,0.001,Hẹn Hò
3333,5679,7249,114,1969,135.87,24.0,23.75,0.002,Hẹn Hò
3116,5416,6412,0,1969,138.69,27.69,20.5,0.001,Hẹn Hò
3267,4595,5581,2,1969,140.06,32.63,16.06,0.0,Hẹn Hò
2869,4295,5166,2,1968,149.37,42.63,7.0,0.001,Hẹn Hò
2570,4324,5247,0,1969,155.06,50.38,-5.62,0.0,Hẹn Hò
2427,4405,5013,0,1953,152.56,52.88,-7.37,0.002,Hẹn Hò
2226,3877,4968,0,1984,149.5,55.56,-2.94,0.001,Hẹn Hò
1901,3809,4268,2,1969,150.31,59.0,-1.25,0.003,Hẹn Hò
1043,3722,4871,2,1904,148.12,67.19,6.06,0.003,Hẹn Hò
145,3448,2136,2,1888,141.5,75.81,21.87,0.001,Hẹn Hò
1,3095,4,3,1905,131.25,77.75,33.5,0.001,Hẹn Hò
1,3320,1,813,1920,119.75,76.06,49.38,0.0,Hẹn Hò
23,3265,2,435,1921,111.44,72.12,56.69,0.001,Hẹn Hò
37,3091,1,334,1937,97.37,66.31,57.0,0.002,Hẹn Hò
93,3470,1,390,1953,81.25,57.38,52.31,0.001,Hẹn Hò
92,3779,1,514,1937,77.81,54.25,56.0,0.002,Hẹn Hò
50,3910,2,303,1952,79.06,55.81,53.69,0.001,Hẹn Hò
40,4075,0,368,1936,81.06,57.13,52.0,0.001,Hẹn Hò
82,4072,1,599,1937,81.5,57.06,50.75,0.001,Hẹn Hò
69,3989,0,596,1937,81.75,57.19,51.0,0.001,Hẹn Hò
76,4036,1,778,1921,81.75,57.06,50.88,0.001,Hẹn Hò
76,4119,1,675,1904,81.44,56.94,49.88,0.001,Hẹn Hò
70,4142,1,735,1920,81.69,57.0,49.31,0.0,Hẹn Hò
54,3974,1,842,1920,82.31,57.13,50.13,0.001,Hẹn Hò
0,2965,0,2,1905,84.75,55.94,56.75,0.0,Hẹn Hò
-1,638,1,0,1888,90.44,52.38,69.25,0.002,Hẹn Hò
0,3,0,1,1889,85.5,43.38,71.56,0.001,Hẹn Hò
1,1,0,1,1888,75.06,28.37,68.31,0.001,Hẹn Hò
0,1,2,3,1889,58.88,2.5,62.94,0.001,Hẹn Hò
1,1,1,7,1888,44.06,-15.5,64.69,0.0,Hẹn Hò
1,1,0,1,1888,35.44,-27.5,53.81,0.0,Hẹn Hò
1,2,1,0,1920,33.25,-38.13,26.94,0.001,Hẹn Hò
2,1,3,1,1889,32.5,-39.38,24.81,0.001,Hẹn Hò
2,2,1,96,1889,31.31,-41.25,27.37,0.001,Hẹn Hò
0,3,1,18,1889,33.31,-39.31,28.0,0.001,Hẹn Hò
1,1,1,95,1889,34.13,-37.38,27.0,0.001,Hẹn Hò
1,1,0,29,1889,34.06,-36.94,27.5,0.0,Hẹn Hò
0,1,1,9,1888,34.0,-36.75,27.87,0.001,Hẹn Hò
1,0,3,9,1888,33.94,-36.69,27.94,0.001,Hẹn Hò
0,2,2,-1,1888,33.94,-36.69,28.0,0.0,Hẹn Hò
1,3,0,2,1888,33.94,-36.63,28.19,0.001,Hẹn Hò
0,2,1,0,1889,34.0,-36.63,28.19,0.002,Hẹn Hò
1,1,1,2,1889,34.06,-36.63,28.25,0.001,Hẹn Hò
1,0,1,3,1888,34.06,-36.56,28.31,0.001,Hẹn Hò
0,2,0,1,1889,34.06,-36.56,28.37,0.001,Hẹn Hò
1,1,0,0,1888,34.06,-36.56,28.44,0.002,Hẹn Hò
1,1,2,1,1888,34.13,-36.56,28.5,0.001,Hẹn Hò
3,1,0,1,1889,34.19,-36.56,28.5,0.001,Hẹn Hò
1,2,2,0,1888,34.19,-36.56,28.5,0.002,Hẹn Hò
1,2,1,2,1889,34.31,-36.56,28.5,0.001,Hẹn Hò
1,3,1,2,1889,34.38,-36.56,28.5,0.002,Hẹn Hò
0,1,1,3,1888,34.38,-36.56,28.5,0.003,Hẹn Hò
1,1,1,1,1889,34.38,-36.56,28.5,0.001,Hẹn Hò
1,2,0,1,1888,34.38,-36.56,28.5,0.001,Hẹn Hò
1,2,1,1,1889,34.38,-36.56,28.5,0.001,Hẹn Hò
0,0,2,-1,1888,34.38,-36.56,28.5,0.002,Hẹn Hò
1,0,1,1,1889,34.38,-36.56,28.5,0.002,Hẹn Hò
2,0,0,1,1889,34.38,-36.56,28.5,0.002,Hẹn Hò
0,1,0,1,1888,34.38,-36.56,28.5,0.002,Hẹn Hò
0,0,2,1,1889,34.38,-36.56,28.5,0.002,Hẹn Hò
1,0,1,1,1889,34.38,-36.56,28.5,0.001,Hẹn Hò
1,1,0,1,1889,34.38,-36.56,28.5,0.001,Hẹn Hò
0,2,2,1,1889,34.38,-36.56,28.5,0.001,Hẹn Hò
1,1,1,0,1888,34.38,-36.56,28.5,0.002,Hẹn Hò
1,1,2,2,1888,34.38,-36.56,28.5,0.002,Hẹn Hò
0,1,1,0,1889,34.38,-36.56,28.5,0.002,Hẹn Hò
0,0,2,3,1888,34.38,-36.56,28.5,0.001,Hẹn Hò
1,0,0,1,1888,34.38,-36.56,28.5,0.001,Hẹn Hò
1,2,0,2,1888,34.38,-36.56,28.5,0.0,Hẹn Hò
-1,0,2,1,1888,34.31,-36.56,28.5,0.001,Hẹn Hò
1,-1,0,2,1888,34.31,-36.56,28.56,0.001,Hẹn Hò
0,1,0,1,1889,34.31,-36.56,28.56,0.002,Hẹn Hò
1,1,2,1,1888,34.31,-36.56,28.56,0.002,Hẹn Hò
1,1,1,2,1888,34.31,-36.56,28.56,0.001,Hẹn Hò
2,1,0,1,1888,34.31,-36.56,28.56,0.001,Hẹn Hò
0,0,0,2,1889,34.31,-36.56,28.56,0.001,Hẹn Hò
-1,1,0,3,1888,34.31,-36.56,28.56,0.0,Hẹn Hò
2,1,1,1,1888,34.31,-36.56,28.56,0.002,Hẹn Hò
0,2,3,-1,1888,34.31,-36.56,28.56,0.0,Hẹn Hò
-1,1,-1,2,1889,34.31,-36.56,28.56,0.002,Hẹn Hò
-1,0,1,1,1889,34.31,-36.56,28.56,0.002,Hẹn Hò
2,1,3,1,1889,34.31,-36.56,28.56,0.001,Hẹn Hò
2,1,3,0,1888,34.31,-36.56,28.56,0.001,Hẹn Hò
1,2,3,2,1888,34.31,-36.56,28.56,0.0,Hẹn Hò
2,1,3,0,1889,34.31,-36.56,28.56,0.001,Hẹn Hò
1,2,1,1,1889,34.31,-36.56,28.56,0.002,Hẹn Hò
0,2,1,1,1888,34.31,-36.56,28.56,0.0,Hẹn Hò
0,1,3,0,1889,34.31,-36.56,28.56,0.002,Hẹn Hò
3,1,1,3,1888,34.31,-36.56,28.56,0.002,Hẹn Hò
1,2,-1,2,1889,34.31,-36.56,28.56,0.002,Hẹn Hò
0,1,2,19,1888,34.44,-36.94,30.06,0.001,Hẹn Hò
1,1,1,2,1888,38.19,-35.0,34.44,0.001,Hẹn Hò
16,1,305,2,1888,51.25,-18.62,47.56,0.001,Hẹn Hò
1090,337,2366,574,1889,78.81,4.62,52.81,0.003,Hẹn Hò
1554,2991,6418,626,1889,101.62,20.81,45.88,0.006,Hẹn Hò
2898,5165,8797,322,1904,103.44,26.37,33.69,0.001,Hẹn Hò
2956,5700,9436,50,1905,110.06,28.81,23.75,0.007,Hẹn Hò
3091,6142,8849,1,1904,116.87,27.75,17.87,0.003,Hẹn Hò
3506,5669,6373,1,1905,121.0,26.06,17.19,0.001,Hẹn Hò
3215,5531,5384,1,1921,123.44,28.75,18.87,0.002,Hẹn Hò
3431,5060,5460,1,1937,125.12,35.06,19.5,0.002,Hẹn Hò
3165,4740,6062,1,2000,128.56,45.38,18.75,0.002,Hẹn Hò
2715,4904,6497,2,2017,133.81,56.56,13.56,0.002,Hẹn Hò
2242,4692,6314,1,2016,139.62,64.0,5.94,0.001,Hẹn Hò
2206,4609,6168,1,2016,141.06,66.12,1.81,0.001,Hẹn Hò
2456,4789,5917,1,2033,142.5,66.81,1.44,0.002,Hẹn Hò
2509,4696,5656,0,2017,144.75,68.25,1.31,0.001,Hẹn Hò
2360,4885,4898,1,1952,147.37,70.81,1.06,0.002,Hẹn Hò
1317,3869,3818,1,1889,148.94,76.0,3.44,0.002,Hẹn Hò
353,3171,3848,1,1889,151.06,83.12,12.63,0.001,Hẹn Hò
4,2678,157,13,1889,147.87,85.25,2.31,0.002,Hẹn Hò
29,3342,3,10,1904,134.37,83.75,5.25,0.001,Hẹn Hò
34,3483,3,3,1905,116.56,79.62,71.25,0.001,Hẹn Hò
1,3347,1,3,1921,100.81,74.31,67.0,0.001,Hẹn Hò
2,3379,1,1,1921,90.81,69.25,69.19,0.002,Hẹn Hò
1,3714,-1,1,1936,89.75,67.81,75.31,0.001,Hẹn Hò
2,3743,0,2,1937,90.44,67.5,76.5,0.002,Hẹn Hò
1,3687,0,1,1937,91.37,67.81,74.94,0.003,Hẹn Hò
1,3422,1,1,1953,92.12,68.06,73.25,0.001,Hẹn Hò
0,3404,2,1,1905,92.75,68.31,72.44,0.004,Hẹn Hò
1,3425,1,0,1904,93.25,68.44,72.31,0.001,Hẹn Hò
58,3678,0,2,1937,93.37,68.75,72.12,0.001,Hẹn Hò
1399,3903,1,2,1936,93.62,69.25,72.44,0.001,Hẹn Hò
2091,4016,1,3,1953,95.12,69.69,75.94,0.001,Hẹn Hò
2251,3306,1,2,1953,95.12,70.0,82.19,0.001,Hẹn Hò
2730,3120,1,1,1952,94.62,69.5,83.19,0.001,Hẹn Hò
2355,3438,1,0,1968,95.69,69.31,81.5,0.002,Hẹn Hò
1760,2673,1,1,1952,94.87,68.19,83.31,0.001,Hẹn Hò
1,2055,2,1,1888,87.0,62.88,71.87,0.003,Hẹn Hò
2,5,1,2,1888,72.94,45.56,48.75,0.002,Hẹn Hò
2,1,2,1,1889,61.81,15.25,31.12,0.0,Hẹn Hò
0,0,1,1,1889,49.56,-12.38,26.5,0.001,Hẹn Hò
0,1,1,1,1888,43.44,-27.5,26.62,0.002,Hẹn Hò
1,2,-1,0,1889,39.5,-37.63,27.56,0.003,Hẹn Hò
3,1,0,2,1889,41.06,-40.69,23.25,0.003,Hẹn Hò
1,2,0,0,1888,41.25,-37.81,28.12,0.003,Hẹn Hò
0,2,0,3,1888,42.13,-36.69,29.69,0.002,Hẹn Hò
2,0,1,1,1888,42.25,-35.88,28.75,0.002,Hẹn Hò
0,2,2,1,1889,42.13,-35.38,30.37,0.003,Hẹn Hò
2,1,0,1,1888,42.06,-35.25,30.37,0.003,Hẹn Hò
1,1,1,1,1889,41.88,-35.44,30.12,0.003,Hẹn Hò
1,2,2,1,1888,41.63,-35.69,29.94,0.001,Hẹn Hò
1,2,0,1,1889,41.5,-35.94,29.69,0.003,Hẹn Hò
-1,1,1,-1,1889,41.38,-36.13,29.5,0.003,Hẹn Hò
2,1,0,0,1889,41.31,-36.25,29.44,0.001,Hẹn Hò
1,1,1,1,1889,41.19,-36.38,29.31,0.001,Hẹn Hò
0,0,1,0,1888,41.13,-36.44,29.19,0.004,Hẹn Hò
1,2,0,1,1888,41.06,-36.56,29.12,0.001,Hẹn Hò
1,3,2,3,1888,40.94,-36.63,29.06,0.001,Hẹn Hò
1,1,1,2,1888,40.94,-36.69,28.94,0.001,Hẹn Hò
0,0,1,0,1889,40.88,-36.75,28.94,0.002,Hẹn Hò
1,1,1,-1,1889,40.88,-36.81,28.87,0.001,Hẹn Hò
0,1,1,2,1889,40.81,-36.88,28.81,0.006,Hẹn Hò
2,2,3,1,1888,40.81,-36.94,28.75,0.001,Hẹn Hò
2,3,1,2,1889,40.81,-36.94,28.75,0.002,Hẹn Hò
0,2,0,0,1888,40.75,-37.0,28.69,0.004,Hẹn Hò
1,1,2,1,1888,40.63,-37.19,29.25,0.003,Hẹn Hò
0,1,1,2,1904,41.44,-38.0,32.38,0.002,Hẹn Hò
0,0,1,1,1952,45.69,-35.88,32.5,0.001,Hẹn Hò
1,1,1,0,1969,45.44,-36.94,30.31,0.002,Hẹn Hò
0,1,1,1,1889,43.94,-35.5,32.38,0.001,Hẹn Hò
1,0,0,1,1888,43.38,-32.94,35.0,0.001,Hẹn Hò
1,1,1,2,1888,43.19,-32.88,36.94,0.002,Hẹn Hò
0,1,0,1,1889,43.75,-32.75,35.88,0.004,Hẹn Hò
0,1,0,0,1888,43.88,-32.63,35.81,0.001,Hẹn Hò
2,-1,1,2,1888,44.0,-32.69,35.63,0.001,Hẹn Hò
0,1,0,1,1889,44.06,-32.69,35.44,0.002,Hẹn Hò
-1,1,0,1,1889,44.25,-32.75,34.13,0.001,Hẹn Hò
1,-1,1,2,1889,44.75,-32.94,32.19,0.001,Hẹn Hò
0,1,0,0,1888,44.81,-33.19,31.56,0.001,Hẹn Hò
1,1,1,1,1888,44.25,-33.19,32.81,0.001,Hẹn Hò
-1,2,1,0,1888,43.88,-33.13,34.31,0.002,Hẹn Hò
2,0,1,0,1889,43.88,-33.19,34.25,0.002,Hẹn Hò
0,-1,1,1,1889,43.81,-33.19,34.38,0.001,Hẹn Hò
1,1,0,1,1889,43.75,-33.19,34.38,0.001,Hẹn Hò
2,3,1,1,1889,43.75,-33.19,34.38,0.002,Hẹn Hò
1,2,-1,0,1889,43.75,-33.25,34.38,0.001,Hẹn Hò
1,1,0,1,1889,43.75,-33.25,34.38,0.002,Hẹn Hò
2,0,1,1,1888,43.75,-33.25,34.38,0.002,Hẹn Hò
2,1,1,1,1889,43.75,-33.25,34.38,0.001,Hẹn Hò
2,2,1,3,1888,43.75,-33.25,34.31,0.001,Hẹn Hò
3,0,0,2,1888,43.75,-33.31,34.31,0.001,Hẹn Hò
-1,0,2,1,1888,43.75,-33.31,34.31,0.002,Hẹn Hò
1,1,2,1,1888,43.75,-33.31,34.31,0.001,Hẹn Hò
0,0,1,-3,1888,43.75,-33.31,34.31,0.001,Hẹn Hò
2,1,2,1,1889,43.75,-33.31,34.31,0.001,Hẹn Hò
1,2,2,1,1888,43.56,-33.44,35.13,0.002,Hẹn Hò
1,1,1,3,1952,44.19,-33.25,34.44,0.0,Hẹn Hò
0,2,2,221,1889,52.56,-25.31,33.94,0.001,Hẹn Hò
6,0,1,357,1888,68.06,-10.94,40.38,0.001,Hẹn Hò
23,14,613,189,1889,88.56,7.94,45.5,0.002,Hẹn Hò
1662,1297,5862,355,1889,100.0,20.62,40.25,0.002,Hẹn Hò
3050,3566,6608,440,1904,103.94,25.25,35.0,0.002,Hẹn Hò
3194,5145,7250,50,1920,107.5,29.12,31.62,0.001,Hẹn Hò
3232,5338,6918,1,2000,115.44,29.69,28.12,0.001,Hẹn Hò
3061,3913,5467,2,2017,123.12,28.44,25.31,0.001,Hẹn Hò
2826,3802,4857,-1,2032,129.81,30.44,24.25,0.001,Hẹn Hò
3028,3831,5171,3,1985,132.75,35.31,24.37,0.003,Hẹn Hò
2654,3329,4811,2,2033,133.44,43.94,25.06,0.002,Hẹn Hò
2454,3150,4231,1,2033,140.12,55.63,23.25,0.002,Hẹn Hò
2231,2976,4280,1,2033,151.25,67.81,14.06,0.001,Hẹn Hò
1720,2968,4323,2,2033,159.44,75.19,-5.62,0.001,Hẹn Hò
1837,3548,4397,2,2016,160.5,77.19,-15.88,0.003,Hẹn Hò
1836,3571,4171,1,2016,158.94,78.12,-13.38,0.002,Hẹn Hò
885,3055,3448,0,1904,155.19,80.62,0.31,0.002,Hẹn Hò
678,2700,3542,134,1905,146.25,83.19,4.62,0.003,Hẹn Hò
772,3665,147,184,1889,141.31,82.94,64.31,0.002,Hẹn Hò
548,4071,29,321,1889,131.5,80.94,72.25,0.003,Hẹn Hò
481,3565,4,637,1889,117.12,75.94,64.87,0.003,Hẹn Hò
43,3234,7,891,1904,110.94,74.19,71.31,0.003,Hẹn Hò
26,4573,0,478,1904,101.56,69.81,77.62,0.001,Hẹn Hò
35,4955,1,415,1889,97.31,67.62,79.19,0.004,Hẹn Hò
37,4818,0,401,1889,95.06,66.69,76.75,0.0,Hẹn Hò
39,4694,2,453,1888,93.44,66.19,73.75,0.001,Hẹn Hò
21,4539,2,91,1905,93.25,66.19,70.5,0.001,Hẹn Hò
9,3998,1,23,1905,92.81,66.25,66.75,0.002,Hẹn Hò
1,4272,1,16,1888,93.69,66.62,64.44,0.0,Hẹn Hò
1,4589,1,0,1889,94.25,67.19,62.75,0.001,Hẹn Hò
3,3884,2,1,1904,94.0,67.5,63.31,0.001,Hẹn Hò
2,3712,1,0,1889,93.12,65.5,62.19,0.001,Hẹn Hò
3,76,1,1,1889,85.81,59.88,60.31,0.003,Hẹn Hò
4,1,0,3,1889,73.94,47.81,49.63,0.003,Hẹn Hò
1,2,2,1,1889,59.5,28.19,32.0,0.002,Hẹn Hò
1,2,3,1,1921,49.38,-12.25,17.56,0.001,Hẹn Hò
0,0,1,1,1889,45.19,-35.88,30.62,0.001,Hẹn Hò
1,16,1051,39,1889,40.25,-45.38,30.56,0.001,Hẹn Hò
0,497,689,690,1968,38.0,-48.56,30.5,0.001,Hẹn Hò
2,7,661,1024,1952,37.88,-49.06,16.87,0.003,Hẹn Hò
1,2,412,229,1888,35.56,-48.56,26.44,0.003,Hẹn Hò
1,0,456,190,1937,35.31,-48.44,28.62,0.0,Hẹn Hò
0,1,228,215,1936,35.06,-48.0,28.0,0.001,Hẹn Hò
0,0,5,233,1936,35.06,-47.75,28.31,0.004,Hẹn Hò
1,2,58,183,1936,35.0,-47.63,28.37,0.001,Hẹn Hò
3,2,7,76,1937,34.94,-47.31,28.69,0.001,Hẹn Hò
1,3,3,91,1936,34.88,-46.81,27.81,0.002,Hẹn Hò
1,2,1,60,1937,34.81,-46.63,27.75,0.0,Hẹn Hò
0,0,0,143,1936,34.69,-46.63,27.75,0.0,Hẹn Hò
0,3,1,151,1936,34.56,-46.63,27.81,0.002,Hẹn Hò
1,1,1,118,1937,34.5,-46.63,27.94,0.001,Hẹn Hò
2,1,0,152,1936,34.44,-46.56,28.19,0.0,Hẹn Hò
0,0,1,73,1936,34.38,-46.56,28.25,0.002,Hẹn Hò
0,1,1,109,1936,34.31,-46.56,28.19,0.002,Hẹn Hò
2,1,1,33,1937,34.31,-46.56,28.31,0.001,Hẹn Hò
0,0,0,30,1937,34.31,-46.56,28.31,0.0,Hẹn Hò
1,1,2,39,1937,34.31,-46.56,28.31,0.001,Hẹn Hò
1,1,1,75,1936,34.31,-46.56,28.31,0.001,Hẹn Hò
1,0,2,95,1937,34.31,-46.56,28.31,0.0,Hẹn Hò
0,1,0,88,1937,34.31,-46.56,28.25,0.001,Hẹn Hò
0,1,1,76,1937,34.31,-46.56,28.25,0.001,Hẹn Hò
1,2,1,69,1936,34.31,-46.56,28.25,0.002,Hẹn Hò
0,0,1,88,1920,34.31,-46.56,28.25,0.004,Hẹn Hò
2,1,0,37,1888,34.25,-46.5,28.37,0.001,Hẹn Hò
2,0,0,54,1888,34.25,-46.44,28.31,0.001,Hẹn Hò
2,0,0,79,1888,34.25,-46.44,28.31,0.001,Hẹn Hò
1,2,1,66,1888,34.25,-46.44,28.31,0.002,Hẹn Hò
1,1,1,78,1888,34.31,-46.44,28.25,0.001,Hẹn Hò
0,0,2,84,1889,34.25,-46.44,28.31,0.002,Hẹn Hò
2,1,1,45,1888,34.31,-46.38,28.25,0.001,Hẹn Hò
0,2,2,43,1889,34.31,-46.38,28.44,0.001,Hẹn Hò
2,1,1,47,1889,34.25,-46.38,28.44,0.002,Hẹn Hò
1,3,1,51,1888,34.25,-46.38,28.44,0.001,Hẹn Hò
1,1,1,61,1888,34.25,-46.38,28.5,0.0,Hẹn Hò
0,1,1,55,1888,34.25,-46.38,28.62,0.0,Hẹn Hò
1,1,-1,55,1889,34.19,-46.44,28.62,0.001,Hẹn Hò
0,1,0,51,1889,34.19,-46.44,28.69,0.002,Hẹn Hò
0,1,0,32,1889,34.19,-46.44,28.75,0.001,Hẹn Hò
0,0,2,53,1888,34.19,-46.44,28.75,0.001,Hẹn Hò
0,1,1,62,1889,34.19,-46.44,28.75,0.001,Hẹn Hò
0,0,1,60,1889,34.13,-46.38,28.81,0.001,Hẹn Hò
2,1,1,41,1888,34.13,-46.38,28.81,0.0,Hẹn Hò
3,0,1,50,1889,34.13,-46.38,28.81,0.001,Hẹn Hò
1,3,0,52,1888,34.13,-46.38,28.87,0.001,Hẹn Hò
1,2,1,52,1888,34.13,-46.38,28.87,0.001,Hẹn Hò
0,1,0,77,1888,34.13,-46.38,28.87,0.001,Hẹn Hò
0,1,0,90,1888,34.13,-46.38,28.87,0.001,Hẹn Hò
